audio_file,segment_idx,sox_path,tf_path,sox_top_class,tf_top_class,sox_top_prob,tf_top_prob,same_prediction,prob_diff,max_diff,mean_diff,rank_1_agreement,rank_2_agreement,rank_3_agreement,rank_4_agreement,rank_5_agreement,sox_high_conf_classes,sox_high_conf_total_diff,sox_high_conf_max_diff,sox_high_conf_avg_diff,tf_high_conf_classes,tf_high_conf_total_diff,tf_high_conf_max_diff,tf_high_conf_avg_diff
20230522_000000,1,/Users/brookie/code/dse/soundhub/soundhub_utils/sox_gpu/codebase/sox_tensorflow/sox_comparison/spectrograms/20230522_000000-1.sox.png,/Users/brookie/code/dse/soundhub/soundhub_utils/sox_gpu/codebase/sox_tensorflow/sox_comparison/spectrograms/20230522_000000-1.tf.png,BUVI,BUVI,1.0,1.0,True,0.0,0.00952690839767456,0.0007441110792569816,True,True,True,True,True,25,0.03467884659767151,0.00952690839767456,0.0013871538685634732,25,0.03467884659767151,0.00952690839767456,0.0013871538685634732
20230522_000000,10,/Users/brookie/code/dse/soundhub/soundhub_utils/sox_gpu/codebase/sox_tensorflow/sox_comparison/spectrograms/20230522_000000-10.sox.png,/Users/brookie/code/dse/soundhub/soundhub_utils/sox_gpu/codebase/sox_tensorflow/sox_comparison/spectrograms/20230522_000000-10.tf.png,BUVI,BUVI,0.42208877205848694,0.4141656160354614,True,0.007923156023025513,0.007923156023025513,0.00022787741909269243,True,True,True,True,True,2,0.010218560695648193,0.007923156023025513,0.005109280347824097,2,0.010218560695648193,0.007923156023025513,0.005109280347824097
20230522_000000,11,/Users/brookie/code/dse/soundhub/soundhub_utils/sox_gpu/codebase/sox_tensorflow/sox_comparison/spectrograms/20230522_000000-11.sox.png,/Users/brookie/code/dse/soundhub/soundhub_utils/sox_gpu/codebase/sox_tensorflow/sox_comparison/spectrograms/20230522_000000-11.tf.png,PSFL,PSFL,0.9998507499694824,0.9998476505279541,True,3.0994415283203125e-06,0.0005570016801357269,3.37990204570815e-05,True,True,True,True,True,3,0.0007183179259300232,0.0005434378981590271,0.00023943930864334106,3,0.0007183179259300232,0.0005434378981590271,0.00023943930864334106
20230522_000000,12,/Users/brookie/code/dse/soundhub/soundhub_utils/sox_gpu/codebase/sox_tensorflow/sox_comparison/spectrograms/20230522_000000-12.sox.png,/Users/brookie/code/dse/soundhub/soundhub_utils/sox_gpu/codebase/sox_tensorflow/sox_comparison/spectrograms/20230522_000000-12.tf.png,BUVI,BUVI,1.0,1.0,True,0.0,0.0036599040031433105,0.0001491536822868511,True,True,True,True,True,4,0.005572795867919922,0.0036599040031433105,0.0013931989669799805,4,0.005572795867919922,0.0036599040031433105,0.0013931989669799805
20230522_000000,13,/Users/brookie/code/dse/soundhub/soundhub_utils/sox_gpu/codebase/sox_tensorflow/sox_comparison/spectrograms/20230522_000000-13.sox.png,/Users/brookie/code/dse/soundhub/soundhub_utils/sox_gpu/codebase/sox_tensorflow/sox_comparison/spectrograms/20230522_000000-13.tf.png,PSFL,PSFL,0.9976159334182739,0.9976032376289368,True,1.2695789337158203e-05,0.0035442709922790527,0.00015607774548698217,True,True,True,True,True,6,0.007567152380943298,0.0035442709922790527,0.0012611920246854424,6,0.007567152380943298,0.0035442709922790527,0.0012611920246854424
20230522_000000,14,/Users/brookie/code/dse/soundhub/soundhub_utils/sox_gpu/codebase/sox_tensorflow/sox_comparison/spectrograms/20230522_000000-14.sox.png,/Users/brookie/code/dse/soundhub/soundhub_utils/sox_gpu/codebase/sox_tensorflow/sox_comparison/spectrograms/20230522_000000-14.tf.png,PSFL,PSFL,1.0,1.0,True,0.0,0.0039893388748168945,0.0001800871832529083,True,True,True,True,True,7,0.008131831884384155,0.0039893388748168945,0.0011616902193054557,7,0.008131831884384155,0.0039893388748168945,0.0011616902193054557
20230522_000000,15,/Users/brookie/code/dse/soundhub/soundhub_utils/sox_gpu/codebase/sox_tensorflow/sox_comparison/spectrograms/20230522_000000-15.sox.png,/Users/brookie/code/dse/soundhub/soundhub_utils/sox_gpu/codebase/sox_tensorflow/sox_comparison/spectrograms/20230522_000000-15.tf.png,CALU,CALU,1.0,1.0,True,0.0,0.002196967601776123,0.00024618476163595915,True,True,True,True,True,31,0.011440485715866089,0.002196967601776123,0.0003690479206852615,31,0.011440485715866089,0.002196967601776123,0.0003690479206852615
20230522_000000,16,/Users/brookie/code/dse/soundhub/soundhub_utils/sox_gpu/codebase/sox_tensorflow/sox_comparison/spectrograms/20230522_000000-16.sox.png,/Users/brookie/code/dse/soundhub/soundhub_utils/sox_gpu/codebase/sox_tensorflow/sox_comparison/spectrograms/20230522_000000-16.tf.png,BUVI,BUVI,1.0,1.0,True,0.0,0.0060228705406188965,0.00023272359976544976,True,True,True,True,True,8,0.010257638990879059,0.0060228705406188965,0.0012822048738598824,8,0.010257638990879059,0.0060228705406188965,0.0012822048738598824
20230522_000000,17,/Users/brookie/code/dse/soundhub/soundhub_utils/sox_gpu/codebase/sox_tensorflow/sox_comparison/spectrograms/20230522_000000-17.sox.png,/Users/brookie/code/dse/soundhub/soundhub_utils/sox_gpu/codebase/sox_tensorflow/sox_comparison/spectrograms/20230522_000000-17.tf.png,PSFL,PSFL,1.0,1.0,True,0.0,0.00962093472480774,0.000402700447011739,True,True,True,True,True,8,0.020248129963874817,0.00962093472480774,0.002531016245484352,8,0.020248129963874817,0.00962093472480774,0.002531016245484352
20230522_000000,18,/Users/brookie/code/dse/soundhub/soundhub_utils/sox_gpu/codebase/sox_tensorflow/sox_comparison/spectrograms/20230522_000000-18.sox.png,/Users/brookie/code/dse/soundhub/soundhub_utils/sox_gpu/codebase/sox_tensorflow/sox_comparison/spectrograms/20230522_000000-18.tf.png,CALU,CALU,1.0,1.0,True,0.0,0.00316697359085083,0.00013974885223433375,True,True,True,True,True,7,0.004858203232288361,0.00316697359085083,0.0006940290331840515,7,0.004858203232288361,0.00316697359085083,0.0006940290331840515
20230522_000000,19,/Users/brookie/code/dse/soundhub/soundhub_utils/sox_gpu/codebase/sox_tensorflow/sox_comparison/spectrograms/20230522_000000-19.sox.png,/Users/brookie/code/dse/soundhub/soundhub_utils/sox_gpu/codebase/sox_tensorflow/sox_comparison/spectrograms/20230522_000000-19.tf.png,PSFL,PSFL,1.0,1.0,True,0.0,0.0034359097480773926,0.00014002350508235395,True,True,True,True,True,8,0.007030792534351349,0.0034359097480773926,0.0008788490667939186,8,0.007030792534351349,0.0034359097480773926,0.0008788490667939186
20230522_000000,2,/Users/brookie/code/dse/soundhub/soundhub_utils/sox_gpu/codebase/sox_tensorflow/sox_comparison/spectrograms/20230522_000000-2.sox.png,/Users/brookie/code/dse/soundhub/soundhub_utils/sox_gpu/codebase/sox_tensorflow/sox_comparison/spectrograms/20230522_000000-2.tf.png,STVA,STVA,0.9944149255752563,0.9943891167640686,True,2.580881118774414e-05,0.007944613695144653,0.0003625749668572098,True,True,True,True,True,7,0.017246901988983154,0.007944613695144653,0.002463843207806349,7,0.017246901988983154,0.007944613695144653,0.002463843207806349
20230522_000000,20,/Users/brookie/code/dse/soundhub/soundhub_utils/sox_gpu/codebase/sox_tensorflow/sox_comparison/spectrograms/20230522_000000-20.sox.png,/Users/brookie/code/dse/soundhub/soundhub_utils/sox_gpu/codebase/sox_tensorflow/sox_comparison/spectrograms/20230522_000000-20.tf.png,CALU,CALU,0.9882914423942566,0.9883708953857422,True,7.94529914855957e-05,0.0007928311824798584,5.4909727623453364e-05,True,True,True,True,True,4,0.0014414191246032715,0.0007531046867370605,0.00036035478115081787,4,0.0014414191246032715,0.0007531046867370605,0.00036035478115081787
20230522_000000,21,/Users/brookie/code/dse/soundhub/soundhub_utils/sox_gpu/codebase/sox_tensorflow/sox_comparison/spectrograms/20230522_000000-21.sox.png,/Users/brookie/code/dse/soundhub/soundhub_utils/sox_gpu/codebase/sox_tensorflow/sox_comparison/spectrograms/20230522_000000-21.tf.png,PSFL,PSFL,0.9905005693435669,0.9906946420669556,True,0.00019407272338867188,0.0034140348434448242,7.441966590704396e-05,True,True,True,True,True,2,0.003608107566833496,0.0034140348434448242,0.001804053783416748,2,0.003608107566833496,0.0034140348434448242,0.001804053783416748
20230522_000000,22,/Users/brookie/code/dse/soundhub/soundhub_utils/sox_gpu/codebase/sox_tensorflow/sox_comparison/spectrograms/20230522_000000-22.sox.png,/Users/brookie/code/dse/soundhub/soundhub_utils/sox_gpu/codebase/sox_tensorflow/sox_comparison/spectrograms/20230522_000000-22.tf.png,BUVI,BUVI,1.0,1.0,True,0.0,0.00070958212018013,7.551410817541182e-05,True,True,True,True,True,26,0.001783512532711029,0.00041979551315307617,6.859663699287921e-05,26,0.001783512532711029,0.00041979551315307617,6.859663699287921e-05
20230522_000000,23,/Users/brookie/code/dse/soundhub/soundhub_utils/sox_gpu/codebase/sox_tensorflow/sox_comparison/spectrograms/20230522_000000-23.sox.png,/Users/brookie/code/dse/soundhub/soundhub_utils/sox_gpu/codebase/sox_tensorflow/sox_comparison/spectrograms/20230522_000000-23.tf.png,BUVI,BUVI,1.0,1.0,True,0.0,0.002586275339126587,0.00015223174705170095,True,True,True,True,True,12,0.00408560037612915,0.00238645076751709,0.00034046670771203935,12,0.00408560037612915,0.00238645076751709,0.00034046670771203935
20230522_000000,24,/Users/brookie/code/dse/soundhub/soundhub_utils/sox_gpu/codebase/sox_tensorflow/sox_comparison/spectrograms/20230522_000000-24.sox.png,/Users/brookie/code/dse/soundhub/soundhub_utils/sox_gpu/codebase/sox_tensorflow/sox_comparison/spectrograms/20230522_000000-24.tf.png,PSFL,PSFL,1.0,1.0,True,0.0,0.018785744905471802,0.0006724240956827998,True,True,True,True,True,6,0.02807985246181488,0.018785744905471802,0.004679975565522909,7,0.03376210480928421,0.018785744905471802,0.0048231580294668674
20230522_000000,25,/Users/brookie/code/dse/soundhub/soundhub_utils/sox_gpu/codebase/sox_tensorflow/sox_comparison/spectrograms/20230522_000000-25.sox.png,/Users/brookie/code/dse/soundhub/soundhub_utils/sox_gpu/codebase/sox_tensorflow/sox_comparison/spectrograms/20230522_000000-25.tf.png,PSFL,PSFL,1.0,1.0,True,0.0,0.0017393827438354492,6.416657561203465e-05,True,True,True,True,True,7,0.002586759626865387,0.0017393827438354492,0.00036953709786757827,7,0.002586759626865387,0.0017393827438354492,0.00036953709786757827
20230522_000000,26,/Users/brookie/code/dse/soundhub/soundhub_utils/sox_gpu/codebase/sox_tensorflow/sox_comparison/spectrograms/20230522_000000-26.sox.png,/Users/brookie/code/dse/soundhub/soundhub_utils/sox_gpu/codebase/sox_tensorflow/sox_comparison/spectrograms/20230522_000000-26.tf.png,CALU,CALU,1.0,1.0,True,0.0,0.008961260318756104,0.0004261043795850128,True,True,True,True,True,10,0.018958479166030884,0.008961260318756104,0.0018958479631692171,10,0.018958479166030884,0.008961260318756104,0.0018958479631692171
20230522_000000,27,/Users/brookie/code/dse/soundhub/soundhub_utils/sox_gpu/codebase/sox_tensorflow/sox_comparison/spectrograms/20230522_000000-27.sox.png,/Users/brookie/code/dse/soundhub/soundhub_utils/sox_gpu/codebase/sox_tensorflow/sox_comparison/spectrograms/20230522_000000-27.tf.png,CALU,CALU,0.9999969005584717,0.9999969005584717,True,0.0,0.0025964975357055664,0.00014717911835759878,True,True,True,True,True,8,0.006137087941169739,0.0025964975357055664,0.0007671359926462173,8,0.006137087941169739,0.0025964975357055664,0.0007671359926462173
20230522_000000,28,/Users/brookie/code/dse/soundhub/soundhub_utils/sox_gpu/codebase/sox_tensorflow/sox_comparison/spectrograms/20230522_000000-28.sox.png,/Users/brookie/code/dse/soundhub/soundhub_utils/sox_gpu/codebase/sox_tensorflow/sox_comparison/spectrograms/20230522_000000-28.tf.png,PSFL,PSFL,0.9999939203262329,0.999994158744812,True,2.384185791015625e-07,0.007043659687042236,0.0006094933487474918,True,True,True,True,True,9,0.030350416898727417,0.007043659687042236,0.003372268518432975,9,0.030350416898727417,0.007043659687042236,0.003372268518432975
20230522_000000,29,/Users/brookie/code/dse/soundhub/soundhub_utils/sox_gpu/codebase/sox_tensorflow/sox_comparison/spectrograms/20230522_000000-29.sox.png,/Users/brookie/code/dse/soundhub/soundhub_utils/sox_gpu/codebase/sox_tensorflow/sox_comparison/spectrograms/20230522_000000-29.tf.png,PSFL,PSFL,1.0,1.0,True,0.0,0.0029466748237609863,8.119742415146902e-05,True,True,True,True,True,8,0.0034767240285873413,0.0029466748237609863,0.00043459050357341766,8,0.0034767240285873413,0.0029466748237609863,0.00043459050357341766
20230522_000000,3,/Users/brookie/code/dse/soundhub/soundhub_utils/sox_gpu/codebase/sox_tensorflow/sox_comparison/spectrograms/20230522_000000-3.sox.png,/Users/brookie/code/dse/soundhub/soundhub_utils/sox_gpu/codebase/sox_tensorflow/sox_comparison/spectrograms/20230522_000000-3.tf.png,PSFL,PSFL,1.0,1.0,True,0.0,0.0034145712852478027,9.920598677126691e-05,True,True,True,True,True,5,0.003444492816925049,0.0034145712852478027,0.0006888985517434776,5,0.003444492816925049,0.0034145712852478027,0.0006888985517434776
20230522_000000,30,/Users/brookie/code/dse/soundhub/soundhub_utils/sox_gpu/codebase/sox_tensorflow/sox_comparison/spectrograms/20230522_000000-30.sox.png,/Users/brookie/code/dse/soundhub/soundhub_utils/sox_gpu/codebase/sox_tensorflow/sox_comparison/spectrograms/20230522_000000-30.tf.png,PSFL,PSFL,1.0,1.0,True,0.0,0.0015445351600646973,5.0794787966879085e-05,True,True,True,True,True,6,0.0022446513175964355,0.0015445351600646973,0.00037410855293273926,6,0.0022446513175964355,0.0015445351600646973,0.00037410855293273926
20230522_000000,31,/Users/brookie/code/dse/soundhub/soundhub_utils/sox_gpu/codebase/sox_tensorflow/sox_comparison/spectrograms/20230522_000000-31.sox.png,/Users/brookie/code/dse/soundhub/soundhub_utils/sox_gpu/codebase/sox_tensorflow/sox_comparison/spectrograms/20230522_000000-31.tf.png,PSFL,PSFL,1.0,1.0,True,0.0,0.0016849339008331299,7.58977112127468e-05,True,True,True,True,True,8,0.0033027827739715576,0.0016849339008331299,0.0004128478467464447,8,0.0033027827739715576,0.0016849339008331299,0.0004128478467464447
20230522_000000,32,/Users/brookie/code/dse/soundhub/soundhub_utils/sox_gpu/codebase/sox_tensorflow/sox_comparison/spectrograms/20230522_000000-32.sox.png,/Users/brookie/code/dse/soundhub/soundhub_utils/sox_gpu/codebase/sox_tensorflow/sox_comparison/spectrograms/20230522_000000-32.tf.png,MYTO,MYTO,1.0,1.0,True,0.0,0.01135784387588501,0.0007841128390282393,True,True,True,True,True,21,0.03137160837650299,0.01135784387588501,0.001493886113166809,21,0.03137160837650299,0.01135784387588501,0.001493886113166809
20230522_000000,33,/Users/brookie/code/dse/soundhub/soundhub_utils/sox_gpu/codebase/sox_tensorflow/sox_comparison/spectrograms/20230522_000000-33.sox.png,/Users/brookie/code/dse/soundhub/soundhub_utils/sox_gpu/codebase/sox_tensorflow/sox_comparison/spectrograms/20230522_000000-33.tf.png,CALU,CALU,1.0,1.0,True,0.0,0.0027440786361694336,0.00015755844651721418,True,True,True,True,True,14,0.007501125335693359,0.0027440786361694336,0.0005357946502044797,14,0.007501125335693359,0.0027440786361694336,0.0005357946502044797
20230522_000000,34,/Users/brookie/code/dse/soundhub/soundhub_utils/sox_gpu/codebase/sox_tensorflow/sox_comparison/spectrograms/20230522_000000-34.sox.png,/Users/brookie/code/dse/soundhub/soundhub_utils/sox_gpu/codebase/sox_tensorflow/sox_comparison/spectrograms/20230522_000000-34.tf.png,PSFL,PSFL,0.9999392032623291,0.9999401569366455,True,9.5367431640625e-07,0.001646488904953003,7.523968815803528e-05,True,True,True,True,True,2,0.0006222128868103027,0.0006212592124938965,0.00031110644340515137,2,0.0006222128868103027,0.0006212592124938965,0.00031110644340515137
20230522_000000,35,/Users/brookie/code/dse/soundhub/soundhub_utils/sox_gpu/codebase/sox_tensorflow/sox_comparison/spectrograms/20230522_000000-35.sox.png,/Users/brookie/code/dse/soundhub/soundhub_utils/sox_gpu/codebase/sox_tensorflow/sox_comparison/spectrograms/20230522_000000-35.tf.png,BUVI,BUVI,1.0,1.0,True,0.0,0.0010644793510437012,4.426544546731748e-05,True,True,True,True,True,6,0.0022225528955459595,0.0010644793510437012,0.00037042549229227006,6,0.0022225528955459595,0.0010644793510437012,0.00037042549229227006
20230522_000000,36,/Users/brookie/code/dse/soundhub/soundhub_utils/sox_gpu/codebase/sox_tensorflow/sox_comparison/spectrograms/20230522_000000-36.sox.png,/Users/brookie/code/dse/soundhub/soundhub_utils/sox_gpu/codebase/sox_tensorflow/sox_comparison/spectrograms/20230522_000000-36.tf.png,PSFL,PSFL,1.0,1.0,True,0.0,0.0011441707611083984,5.915481233387254e-05,True,True,True,True,True,8,0.0027434229850769043,0.0011441707611083984,0.00034292787313461304,8,0.0027434229850769043,0.0011441707611083984,0.00034292787313461304
20230522_000000,37,/Users/brookie/code/dse/soundhub/soundhub_utils/sox_gpu/codebase/sox_tensorflow/sox_comparison/spectrograms/20230522_000000-37.sox.png,/Users/brookie/code/dse/soundhub/soundhub_utils/sox_gpu/codebase/sox_tensorflow/sox_comparison/spectrograms/20230522_000000-37.tf.png,CALU,CALU,1.0,1.0,True,0.0,0.005403727293014526,0.0001327110076090321,True,True,True,True,True,7,0.00612245500087738,0.005403727293014526,0.0008746364037506282,7,0.00612245500087738,0.005403727293014526,0.0008746364037506282
20230522_000000,38,/Users/brookie/code/dse/soundhub/soundhub_utils/sox_gpu/codebase/sox_tensorflow/sox_comparison/spectrograms/20230522_000000-38.sox.png,/Users/brookie/code/dse/soundhub/soundhub_utils/sox_gpu/codebase/sox_tensorflow/sox_comparison/spectrograms/20230522_000000-38.tf.png,BUVI,BUVI,1.0,1.0,True,0.0,0.019348740577697754,0.0013272548094391823,True,True,True,True,True,23,0.06612489372491837,0.019348740577697754,0.0028749953489750624,23,0.06612489372491837,0.019348740577697754,0.0028749953489750624
20230522_000000,39,/Users/brookie/code/dse/soundhub/soundhub_utils/sox_gpu/codebase/sox_tensorflow/sox_comparison/spectrograms/20230522_000000-39.sox.png,/Users/brookie/code/dse/soundhub/soundhub_utils/sox_gpu/codebase/sox_tensorflow/sox_comparison/spectrograms/20230522_000000-39.tf.png,PSFL,PSFL,1.0,1.0,True,0.0,0.0012631267309188843,4.617507511284202e-05,True,True,True,True,True,7,0.001586034893989563,0.0012631267309188843,0.00022657641966361552,7,0.001586034893989563,0.0012631267309188843,0.00022657641966361552
20230522_000000,4,/Users/brookie/code/dse/soundhub/soundhub_utils/sox_gpu/codebase/sox_tensorflow/sox_comparison/spectrograms/20230522_000000-4.sox.png,/Users/brookie/code/dse/soundhub/soundhub_utils/sox_gpu/codebase/sox_tensorflow/sox_comparison/spectrograms/20230522_000000-4.tf.png,PSFL,PSFL,0.9998376369476318,0.999840259552002,True,2.6226043701171875e-06,0.0032473206520080566,0.0001453713048249483,True,True,True,True,True,5,0.006667882204055786,0.0032473206520080566,0.0013335763942450285,5,0.006667882204055786,0.0032473206520080566,0.0013335763942450285
20230522_000000,40,/Users/brookie/code/dse/soundhub/soundhub_utils/sox_gpu/codebase/sox_tensorflow/sox_comparison/spectrograms/20230522_000000-40.sox.png,/Users/brookie/code/dse/soundhub/soundhub_utils/sox_gpu/codebase/sox_tensorflow/sox_comparison/spectrograms/20230522_000000-40.tf.png,PSFL,PSFL,1.0,1.0,True,0.0,0.001661539077758789,7.237949466798455e-05,True,True,True,True,True,5,0.0017853975296020508,0.001661539077758789,0.000357079494278878,5,0.0017853975296020508,0.001661539077758789,0.000357079494278878
20230522_000000,41,/Users/brookie/code/dse/soundhub/soundhub_utils/sox_gpu/codebase/sox_tensorflow/sox_comparison/spectrograms/20230522_000000-41.sox.png,/Users/brookie/code/dse/soundhub/soundhub_utils/sox_gpu/codebase/sox_tensorflow/sox_comparison/spectrograms/20230522_000000-41.tf.png,CALU,CALU,1.0,1.0,True,0.0,0.011128485202789307,0.0005947567406110466,True,True,True,True,True,17,0.028163082897663116,0.011128485202789307,0.0016566519625484943,17,0.028163082897663116,0.011128485202789307,0.0016566519625484943
20230522_000000,42,/Users/brookie/code/dse/soundhub/soundhub_utils/sox_gpu/codebase/sox_tensorflow/sox_comparison/spectrograms/20230522_000000-42.sox.png,/Users/brookie/code/dse/soundhub/soundhub_utils/sox_gpu/codebase/sox_tensorflow/sox_comparison/spectrograms/20230522_000000-42.tf.png,PSFL,PSFL,1.0,1.0,True,0.0,0.0017795264720916748,0.00016435493307653815,True,True,True,True,True,7,0.0077222734689712524,0.0017795264720916748,0.0011031819740310311,7,0.0077222734689712524,0.0017795264720916748,0.0011031819740310311
20230522_000000,43,/Users/brookie/code/dse/soundhub/soundhub_utils/sox_gpu/codebase/sox_tensorflow/sox_comparison/spectrograms/20230522_000000-43.sox.png,/Users/brookie/code/dse/soundhub/soundhub_utils/sox_gpu/codebase/sox_tensorflow/sox_comparison/spectrograms/20230522_000000-43.tf.png,CALU,CALU,0.9996554851531982,0.9996500015258789,True,5.4836273193359375e-06,0.0015760064125061035,0.00010380916501162574,True,True,True,True,True,5,0.0036503076553344727,0.0015760064125061035,0.0007300615543499589,5,0.0036503076553344727,0.0015760064125061035,0.0007300615543499589
20230522_000000,44,/Users/brookie/code/dse/soundhub/soundhub_utils/sox_gpu/codebase/sox_tensorflow/sox_comparison/spectrograms/20230522_000000-44.sox.png,/Users/brookie/code/dse/soundhub/soundhub_utils/sox_gpu/codebase/sox_tensorflow/sox_comparison/spectrograms/20230522_000000-44.tf.png,BUVI,BUVI,1.0,1.0,True,0.0,0.0005851835012435913,4.399458339321427e-05,True,True,True,True,True,8,0.0019436776638031006,0.0005851835012435913,0.00024295970797538757,8,0.0019436776638031006,0.0005851835012435913,0.00024295970797538757
20230522_000000,45,/Users/brookie/code/dse/soundhub/soundhub_utils/sox_gpu/codebase/sox_tensorflow/sox_comparison/spectrograms/20230522_000000-45.sox.png,/Users/brookie/code/dse/soundhub/soundhub_utils/sox_gpu/codebase/sox_tensorflow/sox_comparison/spectrograms/20230522_000000-45.tf.png,CALU,CALU,0.9999995231628418,0.9999995231628418,True,0.0,0.0056619346141815186,0.0002666764485184103,True,True,True,True,True,7,0.0112229585647583,0.0056619346141815186,0.0016032798448577523,7,0.0112229585647583,0.0056619346141815186,0.0016032798448577523
20230522_000000,46,/Users/brookie/code/dse/soundhub/soundhub_utils/sox_gpu/codebase/sox_tensorflow/sox_comparison/spectrograms/20230522_000000-46.sox.png,/Users/brookie/code/dse/soundhub/soundhub_utils/sox_gpu/codebase/sox_tensorflow/sox_comparison/spectrograms/20230522_000000-46.tf.png,CALU,CALU,0.9803990721702576,0.9810753464698792,True,0.000676274299621582,0.004261761903762817,0.00043983582872897387,True,True,True,True,True,9,0.016652867197990417,0.004261761903762817,0.0018503186292946339,9,0.016652867197990417,0.004261761903762817,0.0018503186292946339
20230522_000000,47,/Users/brookie/code/dse/soundhub/soundhub_utils/sox_gpu/codebase/sox_tensorflow/sox_comparison/spectrograms/20230522_000000-47.sox.png,/Users/brookie/code/dse/soundhub/soundhub_utils/sox_gpu/codebase/sox_tensorflow/sox_comparison/spectrograms/20230522_000000-47.tf.png,PSFL,PSFL,0.9999793767929077,0.9999792575836182,True,1.1920928955078125e-07,0.0002651810646057129,8.404631444136612e-06,True,True,True,True,True,3,0.00026541948318481445,0.0002651810646057129,8.847316348692402e-05,3,0.00026541948318481445,0.0002651810646057129,8.847316348692402e-05
20230522_000000,48,/Users/brookie/code/dse/soundhub/soundhub_utils/sox_gpu/codebase/sox_tensorflow/sox_comparison/spectrograms/20230522_000000-48.sox.png,/Users/brookie/code/dse/soundhub/soundhub_utils/sox_gpu/codebase/sox_tensorflow/sox_comparison/spectrograms/20230522_000000-48.tf.png,PSFL,PSFL,1.0,1.0,True,0.0,0.003457009792327881,0.0001297720446018502,True,True,True,True,True,5,0.0043163001537323,0.003457009792327881,0.0008632600074633956,6,0.005616791546344757,0.003457009792327881,0.0009361319243907928
20230522_000000,49,/Users/brookie/code/dse/soundhub/soundhub_utils/sox_gpu/codebase/sox_tensorflow/sox_comparison/spectrograms/20230522_000000-49.sox.png,/Users/brookie/code/dse/soundhub/soundhub_utils/sox_gpu/codebase/sox_tensorflow/sox_comparison/spectrograms/20230522_000000-49.tf.png,BUVI,BUVI,1.0,1.0,True,0.0,0.005821168422698975,0.00032542517874389887,True,True,True,True,True,14,0.015252918004989624,0.005821168422698975,0.0010894940933212638,14,0.015252918004989624,0.005821168422698975,0.0010894940933212638
20230522_000000,5,/Users/brookie/code/dse/soundhub/soundhub_utils/sox_gpu/codebase/sox_tensorflow/sox_comparison/spectrograms/20230522_000000-5.sox.png,/Users/brookie/code/dse/soundhub/soundhub_utils/sox_gpu/codebase/sox_tensorflow/sox_comparison/spectrograms/20230522_000000-5.tf.png,BRMA,BRMA,1.0,1.0,True,0.0,0.003580749034881592,0.00025826942874118686,True,True,True,True,True,30,0.01055532693862915,0.003580749034881592,0.0003518442390486598,30,0.01055532693862915,0.003580749034881592,0.0003518442390486598
20230522_000000,50,/Users/brookie/code/dse/soundhub/soundhub_utils/sox_gpu/codebase/sox_tensorflow/sox_comparison/spectrograms/20230522_000000-50.sox.png,/Users/brookie/code/dse/soundhub/soundhub_utils/sox_gpu/codebase/sox_tensorflow/sox_comparison/spectrograms/20230522_000000-50.tf.png,PSFL,PSFL,1.0,1.0,True,0.0,0.0016817748546600342,6.21418294031173e-05,True,True,True,True,True,6,0.0030558258295059204,0.0016817748546600342,0.0005093042855150998,6,0.0030558258295059204,0.0016817748546600342,0.0005093042855150998
20230522_000000,6,/Users/brookie/code/dse/soundhub/soundhub_utils/sox_gpu/codebase/sox_tensorflow/sox_comparison/spectrograms/20230522_000000-6.sox.png,/Users/brookie/code/dse/soundhub/soundhub_utils/sox_gpu/codebase/sox_tensorflow/sox_comparison/spectrograms/20230522_000000-6.tf.png,BRMA,BRMA,1.0,1.0,True,0.0,0.0006441473960876465,2.5005901989061385e-05,True,True,True,True,True,51,0.0012753009796142578,0.0006441473960876465,2.5005901989061385e-05,51,0.0012753009796142578,0.0006441473960876465,2.5005901989061385e-05
20230522_000000,7,/Users/brookie/code/dse/soundhub/soundhub_utils/sox_gpu/codebase/sox_tensorflow/sox_comparison/spectrograms/20230522_000000-7.sox.png,/Users/brookie/code/dse/soundhub/soundhub_utils/sox_gpu/codebase/sox_tensorflow/sox_comparison/spectrograms/20230522_000000-7.tf.png,PSFL,PSFL,1.0,1.0,True,0.0,0.0032935738563537598,0.0001446469104848802,True,True,True,True,True,7,0.005689598619937897,0.0032935738563537598,0.0008127997862175107,7,0.005689598619937897,0.0032935738563537598,0.0008127997862175107
20230522_000000,8,/Users/brookie/code/dse/soundhub/soundhub_utils/sox_gpu/codebase/sox_tensorflow/sox_comparison/spectrograms/20230522_000000-8.sox.png,/Users/brookie/code/dse/soundhub/soundhub_utils/sox_gpu/codebase/sox_tensorflow/sox_comparison/spectrograms/20230522_000000-8.tf.png,PSFL,PSFL,1.0,1.0,True,0.0,0.00335809588432312,0.0002151118969777599,True,True,True,True,True,7,0.010124832391738892,0.00335809588432312,0.00144640461076051,7,0.010124832391738892,0.00335809588432312,0.00144640461076051
20230522_000000,9,/Users/brookie/code/dse/soundhub/soundhub_utils/sox_gpu/codebase/sox_tensorflow/sox_comparison/spectrograms/20230522_000000-9.sox.png,/Users/brookie/code/dse/soundhub/soundhub_utils/sox_gpu/codebase/sox_tensorflow/sox_comparison/spectrograms/20230522_000000-9.tf.png,BUVI,BUVI,1.0,1.0,True,0.0,0.002924203872680664,0.00012677015911322087,True,True,True,True,True,6,0.003594696521759033,0.002924203872680664,0.0005991160869598389,6,0.003594696521759033,0.002924203872680664,0.0005991160869598389
20230526_000000,1,/Users/brookie/code/dse/soundhub/soundhub_utils/sox_gpu/codebase/sox_tensorflow/sox_comparison/spectrograms/20230526_000000-1.sox.png,/Users/brookie/code/dse/soundhub/soundhub_utils/sox_gpu/codebase/sox_tensorflow/sox_comparison/spectrograms/20230526_000000-1.tf.png,BRCA,BRCA,1.0,1.0,True,0.0,0.0026177167892456055,0.000329669943312183,True,True,True,True,True,39,0.016296662390232086,0.0026177167892456055,0.0004178631352260709,39,0.016296662390232086,0.0026177167892456055,0.0004178631352260709
20230526_000000,10,/Users/brookie/code/dse/soundhub/soundhub_utils/sox_gpu/codebase/sox_tensorflow/sox_comparison/spectrograms/20230526_000000-10.sox.png,/Users/brookie/code/dse/soundhub/soundhub_utils/sox_gpu/codebase/sox_tensorflow/sox_comparison/spectrograms/20230526_000000-10.tf.png,INSP,INSP,0.8771490454673767,0.8779104351997375,True,0.0007613897323608398,0.005888760089874268,0.00029737502336502075,True,True,True,True,True,7,0.013630971312522888,0.005888760089874268,0.0019472816493362188,7,0.013630971312522888,0.005888760089874268,0.0019472816493362188
20230526_000000,11,/Users/brookie/code/dse/soundhub/soundhub_utils/sox_gpu/codebase/sox_tensorflow/sox_comparison/spectrograms/20230526_000000-11.sox.png,/Users/brookie/code/dse/soundhub/soundhub_utils/sox_gpu/codebase/sox_tensorflow/sox_comparison/spectrograms/20230526_000000-11.tf.png,MYTO,MYTO,1.0,1.0,True,0.0,0.003982603549957275,0.0008281590417027473,True,True,True,True,True,31,0.03948548436164856,0.003982603549957275,0.0012737252982333302,31,0.03948548436164856,0.003982603549957275,0.0012737252982333302
20230526_000000,12,/Users/brookie/code/dse/soundhub/soundhub_utils/sox_gpu/codebase/sox_tensorflow/sox_comparison/spectrograms/20230526_000000-12.sox.png,/Users/brookie/code/dse/soundhub/soundhub_utils/sox_gpu/codebase/sox_tensorflow/sox_comparison/spectrograms/20230526_000000-12.tf.png,CALU,CALU,1.0,1.0,True,0.0,0.002509593963623047,0.00037850230000913143,True,True,True,True,True,23,0.014974482357501984,0.002509593963623047,0.0006510644452646375,23,0.014974482357501984,0.002509593963623047,0.0006510644452646375
20230526_000000,13,/Users/brookie/code/dse/soundhub/soundhub_utils/sox_gpu/codebase/sox_tensorflow/sox_comparison/spectrograms/20230526_000000-13.sox.png,/Users/brookie/code/dse/soundhub/soundhub_utils/sox_gpu/codebase/sox_tensorflow/sox_comparison/spectrograms/20230526_000000-13.tf.png,PSFL,PSFL,0.9999998807907104,0.9999998807907104,True,0.0,0.002444446086883545,0.0001378625602228567,True,True,True,True,True,10,0.006657235324382782,0.002444446086883545,0.000665723520796746,10,0.006657235324382782,0.002444446086883545,0.000665723520796746
20230526_000000,14,/Users/brookie/code/dse/soundhub/soundhub_utils/sox_gpu/codebase/sox_tensorflow/sox_comparison/spectrograms/20230526_000000-14.sox.png,/Users/brookie/code/dse/soundhub/soundhub_utils/sox_gpu/codebase/sox_tensorflow/sox_comparison/spectrograms/20230526_000000-14.tf.png,BRMA,BRMA,1.0,1.0,True,0.0,0.002140343189239502,0.00017097264935728163,True,True,True,True,True,49,0.008174732327461243,0.002140343189239502,0.00016683127614669502,49,0.008174732327461243,0.002140343189239502,0.00016683127614669502
20230526_000000,15,/Users/brookie/code/dse/soundhub/soundhub_utils/sox_gpu/codebase/sox_tensorflow/sox_comparison/spectrograms/20230526_000000-15.sox.png,/Users/brookie/code/dse/soundhub/soundhub_utils/sox_gpu/codebase/sox_tensorflow/sox_comparison/spectrograms/20230526_000000-15.tf.png,SHOT,SHOT,0.9999953508377075,0.9999954700469971,True,1.1920928955078125e-07,0.008315503597259521,0.0016864680219441652,True,True,True,True,True,33,0.07547739893198013,0.008315503597259521,0.002287193899974227,33,0.07547739893198013,0.008315503597259521,0.002287193899974227
20230526_000000,16,/Users/brookie/code/dse/soundhub/soundhub_utils/sox_gpu/codebase/sox_tensorflow/sox_comparison/spectrograms/20230526_000000-16.sox.png,/Users/brookie/code/dse/soundhub/soundhub_utils/sox_gpu/codebase/sox_tensorflow/sox_comparison/spectrograms/20230526_000000-16.tf.png,POEC,POEC,1.0,1.0,True,0.0,0.003745436668395996,0.0005276951123960316,True,True,True,True,True,32,0.024227038025856018,0.003745436668395996,0.0007570949383080006,32,0.024227038025856018,0.003745436668395996,0.0007570949383080006
20230526_000000,17,/Users/brookie/code/dse/soundhub/soundhub_utils/sox_gpu/codebase/sox_tensorflow/sox_comparison/spectrograms/20230526_000000-17.sox.png,/Users/brookie/code/dse/soundhub/soundhub_utils/sox_gpu/codebase/sox_tensorflow/sox_comparison/spectrograms/20230526_000000-17.tf.png,CALU,CALU,1.0,1.0,True,0.0,0.002614721655845642,0.0001383254857501015,True,True,True,True,True,6,0.006233423948287964,0.002614721655845642,0.00103890395257622,6,0.006233423948287964,0.002614721655845642,0.00103890395257622
20230526_000000,18,/Users/brookie/code/dse/soundhub/soundhub_utils/sox_gpu/codebase/sox_tensorflow/sox_comparison/spectrograms/20230526_000000-18.sox.png,/Users/brookie/code/dse/soundhub/soundhub_utils/sox_gpu/codebase/sox_tensorflow/sox_comparison/spectrograms/20230526_000000-18.tf.png,CALU,CALU,1.0,1.0,True,0.0,0.0030063986778259277,0.00035063381073996425,True,True,True,True,True,40,0.01748035103082657,0.0030063986778259277,0.0004370087699498981,40,0.01748035103082657,0.0030063986778259277,0.0004370087699498981
20230526_000000,19,/Users/brookie/code/dse/soundhub/soundhub_utils/sox_gpu/codebase/sox_tensorflow/sox_comparison/spectrograms/20230526_000000-19.sox.png,/Users/brookie/code/dse/soundhub/soundhub_utils/sox_gpu/codebase/sox_tensorflow/sox_comparison/spectrograms/20230526_000000-19.tf.png,CALU,CALU,1.0,1.0,True,0.0,0.004453599452972412,0.0003498164005577564,True,True,True,True,True,35,0.01698659360408783,0.004453599452972412,0.000485331256641075,35,0.01698659360408783,0.004453599452972412,0.000485331256641075
20230526_000000,2,/Users/brookie/code/dse/soundhub/soundhub_utils/sox_gpu/codebase/sox_tensorflow/sox_comparison/spectrograms/20230526_000000-2.sox.png,/Users/brookie/code/dse/soundhub/soundhub_utils/sox_gpu/codebase/sox_tensorflow/sox_comparison/spectrograms/20230526_000000-2.tf.png,CALU,CALU,1.0,1.0,True,0.0,0.0023093819618225098,0.0002455466892570257,True,True,True,True,True,17,0.006859272718429565,0.0023093819618225098,0.00040348662878386676,17,0.006859272718429565,0.0023093819618225098,0.00040348662878386676
20230526_000000,20,/Users/brookie/code/dse/soundhub/soundhub_utils/sox_gpu/codebase/sox_tensorflow/sox_comparison/spectrograms/20230526_000000-20.sox.png,/Users/brookie/code/dse/soundhub/soundhub_utils/sox_gpu/codebase/sox_tensorflow/sox_comparison/spectrograms/20230526_000000-20.tf.png,CALU,CALU,1.0,1.0,True,0.0,0.003377258777618408,0.0003201574145350605,True,True,True,True,True,16,0.013581082224845886,0.003377258777618408,0.0008488176390528679,16,0.013581082224845886,0.003377258777618408,0.0008488176390528679
20230526_000000,21,/Users/brookie/code/dse/soundhub/soundhub_utils/sox_gpu/codebase/sox_tensorflow/sox_comparison/spectrograms/20230526_000000-21.sox.png,/Users/brookie/code/dse/soundhub/soundhub_utils/sox_gpu/codebase/sox_tensorflow/sox_comparison/spectrograms/20230526_000000-21.tf.png,CALU,CALU,0.9999997615814209,0.9999997615814209,True,0.0,0.001941978931427002,6.740199023624882e-05,True,True,True,True,True,7,0.002850279211997986,0.001941978931427002,0.00040718275704421103,7,0.002850279211997986,0.001941978931427002,0.00040718275704421103
20230526_000000,22,/Users/brookie/code/dse/soundhub/soundhub_utils/sox_gpu/codebase/sox_tensorflow/sox_comparison/spectrograms/20230526_000000-22.sox.png,/Users/brookie/code/dse/soundhub/soundhub_utils/sox_gpu/codebase/sox_tensorflow/sox_comparison/spectrograms/20230526_000000-22.tf.png,CALU,CALU,1.0,1.0,True,0.0,0.003828763961791992,0.00032012895098887384,True,True,True,True,True,27,0.01490698754787445,0.003828763961791992,0.000552110665012151,27,0.01490698754787445,0.003828763961791992,0.000552110665012151
20230526_000000,23,/Users/brookie/code/dse/soundhub/soundhub_utils/sox_gpu/codebase/sox_tensorflow/sox_comparison/spectrograms/20230526_000000-23.sox.png,/Users/brookie/code/dse/soundhub/soundhub_utils/sox_gpu/codebase/sox_tensorflow/sox_comparison/spectrograms/20230526_000000-23.tf.png,CAGU,CAGU,1.0,1.0,True,0.0,0.001923203468322754,0.00031216032220982015,True,True,True,True,True,41,0.014585122466087341,0.001923203468322754,0.0003557346935849637,41,0.014585122466087341,0.001923203468322754,0.0003557346935849637
20230526_000000,24,/Users/brookie/code/dse/soundhub/soundhub_utils/sox_gpu/codebase/sox_tensorflow/sox_comparison/spectrograms/20230526_000000-24.sox.png,/Users/brookie/code/dse/soundhub/soundhub_utils/sox_gpu/codebase/sox_tensorflow/sox_comparison/spectrograms/20230526_000000-24.tf.png,SHOT,SHOT,0.9988716244697571,0.9988548755645752,True,1.6748905181884766e-05,0.005979984998703003,0.00035965186543762684,True,True,True,True,True,8,0.012411832809448242,0.005979984998703003,0.0015514791011810303,8,0.012411832809448242,0.005979984998703003,0.0015514791011810303
20230526_000000,25,/Users/brookie/code/dse/soundhub/soundhub_utils/sox_gpu/codebase/sox_tensorflow/sox_comparison/spectrograms/20230526_000000-25.sox.png,/Users/brookie/code/dse/soundhub/soundhub_utils/sox_gpu/codebase/sox_tensorflow/sox_comparison/spectrograms/20230526_000000-25.tf.png,MYTO,MYTO,0.9987001419067383,0.9986910223960876,True,9.119510650634766e-06,0.0023742616176605225,0.00034954422153532505,True,True,True,True,True,17,0.014251813292503357,0.0023742616176605225,0.0008383419481106102,17,0.014251813292503357,0.0023742616176605225,0.0008383419481106102
20230526_000000,26,/Users/brookie/code/dse/soundhub/soundhub_utils/sox_gpu/codebase/sox_tensorflow/sox_comparison/spectrograms/20230526_000000-26.sox.png,/Users/brookie/code/dse/soundhub/soundhub_utils/sox_gpu/codebase/sox_tensorflow/sox_comparison/spectrograms/20230526_000000-26.tf.png,PSFL,PSFL,0.9999997615814209,0.9999997615814209,True,0.0,0.0015887618064880371,9.398747351951897e-05,True,True,True,True,True,10,0.004668682813644409,0.0015887618064880371,0.0004668682813644409,10,0.004668682813644409,0.0015887618064880371,0.0004668682813644409
20230526_000000,27,/Users/brookie/code/dse/soundhub/soundhub_utils/sox_gpu/codebase/sox_tensorflow/sox_comparison/spectrograms/20230526_000000-27.sox.png,/Users/brookie/code/dse/soundhub/soundhub_utils/sox_gpu/codebase/sox_tensorflow/sox_comparison/spectrograms/20230526_000000-27.tf.png,CALU,CALU,1.0,1.0,True,0.0,0.0036347806453704834,0.0006175930611789227,True,True,True,True,True,35,0.026102252304553986,0.0036347806453704834,0.0007457786123268306,35,0.026102252304553986,0.0036347806453704834,0.0007457786123268306
20230526_000000,28,/Users/brookie/code/dse/soundhub/soundhub_utils/sox_gpu/codebase/sox_tensorflow/sox_comparison/spectrograms/20230526_000000-28.sox.png,/Users/brookie/code/dse/soundhub/soundhub_utils/sox_gpu/codebase/sox_tensorflow/sox_comparison/spectrograms/20230526_000000-28.tf.png,BUVI,BUVI,1.0,1.0,True,0.0,0.0020334720611572266,6.944002234376967e-05,True,True,True,True,True,6,0.002718031406402588,0.0020334720611572266,0.0004530052246991545,6,0.002718031406402588,0.0020334720611572266,0.0004530052246991545
20230526_000000,29,/Users/brookie/code/dse/soundhub/soundhub_utils/sox_gpu/codebase/sox_tensorflow/sox_comparison/spectrograms/20230526_000000-29.sox.png,/Users/brookie/code/dse/soundhub/soundhub_utils/sox_gpu/codebase/sox_tensorflow/sox_comparison/spectrograms/20230526_000000-29.tf.png,CALU,CALU,0.9999985694885254,0.9999985694885254,True,0.0,0.006116002798080444,0.00024244912492576987,True,True,True,True,True,7,0.010977029800415039,0.006116002798080444,0.0015681470977142453,7,0.010977029800415039,0.006116002798080444,0.0015681470977142453
20230526_000000,3,/Users/brookie/code/dse/soundhub/soundhub_utils/sox_gpu/codebase/sox_tensorflow/sox_comparison/spectrograms/20230526_000000-3.sox.png,/Users/brookie/code/dse/soundhub/soundhub_utils/sox_gpu/codebase/sox_tensorflow/sox_comparison/spectrograms/20230526_000000-3.tf.png,CALU,CALU,1.0,1.0,True,0.0,0.003716081380844116,0.00026229824288748205,True,True,True,True,True,16,0.011141464114189148,0.003716081380844116,0.0006963415071368217,16,0.011141464114189148,0.003716081380844116,0.0006963415071368217
20230526_000000,30,/Users/brookie/code/dse/soundhub/soundhub_utils/sox_gpu/codebase/sox_tensorflow/sox_comparison/spectrograms/20230526_000000-30.sox.png,/Users/brookie/code/dse/soundhub/soundhub_utils/sox_gpu/codebase/sox_tensorflow/sox_comparison/spectrograms/20230526_000000-30.tf.png,CALU,CALU,0.9999997615814209,0.9999997615814209,True,0.0,0.005566656589508057,0.0008192600216716528,True,True,True,True,True,21,0.035089679062366486,0.005566656589508057,0.0016709370538592339,21,0.035089679062366486,0.005566656589508057,0.0016709370538592339
20230526_000000,31,/Users/brookie/code/dse/soundhub/soundhub_utils/sox_gpu/codebase/sox_tensorflow/sox_comparison/spectrograms/20230526_000000-31.sox.png,/Users/brookie/code/dse/soundhub/soundhub_utils/sox_gpu/codebase/sox_tensorflow/sox_comparison/spectrograms/20230526_000000-31.tf.png,CALU,CALU,0.9998266100883484,0.9998257756233215,True,8.344650268554688e-07,0.001435399055480957,0.00015251737204380333,True,True,True,True,True,12,0.005778327584266663,0.001435399055480957,0.00048152729868888855,12,0.005778327584266663,0.001435399055480957,0.00048152729868888855
20230526_000000,32,/Users/brookie/code/dse/soundhub/soundhub_utils/sox_gpu/codebase/sox_tensorflow/sox_comparison/spectrograms/20230526_000000-32.sox.png,/Users/brookie/code/dse/soundhub/soundhub_utils/sox_gpu/codebase/sox_tensorflow/sox_comparison/spectrograms/20230526_000000-32.tf.png,CALU,CALU,0.9999996423721313,0.9999996423721313,True,0.0,0.003080397844314575,0.0002700560144148767,True,True,True,True,True,10,0.013104528188705444,0.003080397844314575,0.0013104528188705444,10,0.013104528188705444,0.003080397844314575,0.0013104528188705444
20230526_000000,33,/Users/brookie/code/dse/soundhub/soundhub_utils/sox_gpu/codebase/sox_tensorflow/sox_comparison/spectrograms/20230526_000000-33.sox.png,/Users/brookie/code/dse/soundhub/soundhub_utils/sox_gpu/codebase/sox_tensorflow/sox_comparison/spectrograms/20230526_000000-33.tf.png,SHOT,SHOT,0.3930296301841736,0.3951507806777954,True,0.002121150493621826,0.002121150493621826,4.633030766854063e-05,True,True,True,True,True,1,0.002121150493621826,0.002121150493621826,0.002121150493621826,1,0.002121150493621826,0.002121150493621826,0.002121150493621826
20230526_000000,34,/Users/brookie/code/dse/soundhub/soundhub_utils/sox_gpu/codebase/sox_tensorflow/sox_comparison/spectrograms/20230526_000000-34.sox.png,/Users/brookie/code/dse/soundhub/soundhub_utils/sox_gpu/codebase/sox_tensorflow/sox_comparison/spectrograms/20230526_000000-34.tf.png,PSFL,PSFL,0.9999958276748657,0.9999958276748657,True,0.0,0.0029494762420654297,0.00017850793665274978,True,True,True,True,True,8,0.007115662097930908,0.0029494762420654297,0.0008894577622413635,8,0.007115662097930908,0.0029494762420654297,0.0008894577622413635
20230526_000000,35,/Users/brookie/code/dse/soundhub/soundhub_utils/sox_gpu/codebase/sox_tensorflow/sox_comparison/spectrograms/20230526_000000-35.sox.png,/Users/brookie/code/dse/soundhub/soundhub_utils/sox_gpu/codebase/sox_tensorflow/sox_comparison/spectrograms/20230526_000000-35.tf.png,PSFL,PSFL,0.9506523013114929,0.9507027864456177,True,5.048513412475586e-05,0.0023291707038879395,0.0001634603540878743,True,True,True,True,True,9,0.007343076169490814,0.0023291707038879395,0.0008158973651006818,9,0.007343076169490814,0.0023291707038879395,0.0008158973651006818
20230526_000000,36,/Users/brookie/code/dse/soundhub/soundhub_utils/sox_gpu/codebase/sox_tensorflow/sox_comparison/spectrograms/20230526_000000-36.sox.png,/Users/brookie/code/dse/soundhub/soundhub_utils/sox_gpu/codebase/sox_tensorflow/sox_comparison/spectrograms/20230526_000000-36.tf.png,STVA,STVA,0.9699133634567261,0.9701013565063477,True,0.00018799304962158203,0.00454065203666687,0.00020885479170829058,True,True,True,True,True,4,0.009582370519638062,0.00454065203666687,0.0023955926299095154,4,0.009582370519638062,0.00454065203666687,0.0023955926299095154
20230526_000000,37,/Users/brookie/code/dse/soundhub/soundhub_utils/sox_gpu/codebase/sox_tensorflow/sox_comparison/spectrograms/20230526_000000-37.sox.png,/Users/brookie/code/dse/soundhub/soundhub_utils/sox_gpu/codebase/sox_tensorflow/sox_comparison/spectrograms/20230526_000000-37.tf.png,CALU,CALU,1.0,1.0,True,0.0,0.010528743267059326,0.001231395173817873,True,True,True,True,True,27,0.05660064518451691,0.010528743267059326,0.0020963202696293592,27,0.05660064518451691,0.010528743267059326,0.0020963202696293592
20230526_000000,38,/Users/brookie/code/dse/soundhub/soundhub_utils/sox_gpu/codebase/sox_tensorflow/sox_comparison/spectrograms/20230526_000000-38.sox.png,/Users/brookie/code/dse/soundhub/soundhub_utils/sox_gpu/codebase/sox_tensorflow/sox_comparison/spectrograms/20230526_000000-38.tf.png,BUVI,BUVI,1.0,1.0,True,0.0,0.003747597336769104,0.0001722485903883353,True,True,True,True,True,9,0.008118882775306702,0.003747597336769104,0.0009020980796776712,9,0.008118882775306702,0.003747597336769104,0.0009020980796776712
20230526_000000,39,/Users/brookie/code/dse/soundhub/soundhub_utils/sox_gpu/codebase/sox_tensorflow/sox_comparison/spectrograms/20230526_000000-39.sox.png,/Users/brookie/code/dse/soundhub/soundhub_utils/sox_gpu/codebase/sox_tensorflow/sox_comparison/spectrograms/20230526_000000-39.tf.png,BUVI,BUVI,1.0,1.0,True,0.0,0.003751218318939209,7.911505235824734e-05,True,True,True,True,True,4,0.003781139850616455,0.003751218318939209,0.0009452849626541138,4,0.003781139850616455,0.003751218318939209,0.0009452849626541138
20230526_000000,4,/Users/brookie/code/dse/soundhub/soundhub_utils/sox_gpu/codebase/sox_tensorflow/sox_comparison/spectrograms/20230526_000000-4.sox.png,/Users/brookie/code/dse/soundhub/soundhub_utils/sox_gpu/codebase/sox_tensorflow/sox_comparison/spectrograms/20230526_000000-4.tf.png,BRCA,BRCA,1.0,1.0,True,0.0,0.0017567276954650879,0.00011514098150655627,True,True,True,True,True,51,0.005872189998626709,0.0017567276954650879,0.00011514098150655627,51,0.005872189998626709,0.0017567276954650879,0.00011514098150655627
20230526_000000,40,/Users/brookie/code/dse/soundhub/soundhub_utils/sox_gpu/codebase/sox_tensorflow/sox_comparison/spectrograms/20230526_000000-40.sox.png,/Users/brookie/code/dse/soundhub/soundhub_utils/sox_gpu/codebase/sox_tensorflow/sox_comparison/spectrograms/20230526_000000-40.tf.png,PSFL,PSFL,1.0,1.0,True,0.0,0.0016455650329589844,0.00011022053513443097,True,True,True,True,True,5,0.0031125470995903015,0.0016455650329589844,0.0006225093966349959,5,0.0031125470995903015,0.0016455650329589844,0.0006225093966349959
20230526_000000,41,/Users/brookie/code/dse/soundhub/soundhub_utils/sox_gpu/codebase/sox_tensorflow/sox_comparison/spectrograms/20230526_000000-41.sox.png,/Users/brookie/code/dse/soundhub/soundhub_utils/sox_gpu/codebase/sox_tensorflow/sox_comparison/spectrograms/20230526_000000-41.tf.png,PSFL,PSFL,0.9999997615814209,0.9999997615814209,True,0.0,0.0035055875778198242,8.69065333972685e-05,True,True,True,True,True,3,0.0035055875778198242,0.0035055875778198242,0.0011685291538015008,3,0.0035055875778198242,0.0035055875778198242,0.0011685291538015008
20230526_000000,42,/Users/brookie/code/dse/soundhub/soundhub_utils/sox_gpu/codebase/sox_tensorflow/sox_comparison/spectrograms/20230526_000000-42.sox.png,/Users/brookie/code/dse/soundhub/soundhub_utils/sox_gpu/codebase/sox_tensorflow/sox_comparison/spectrograms/20230526_000000-42.tf.png,CALU,CALU,1.0,1.0,True,0.0,0.023506462574005127,0.001485958811827004,True,True,True,True,True,27,0.05291071534156799,0.023506462574005127,0.0019596561323851347,27,0.05291071534156799,0.023506462574005127,0.0019596561323851347
20230526_000000,43,/Users/brookie/code/dse/soundhub/soundhub_utils/sox_gpu/codebase/sox_tensorflow/sox_comparison/spectrograms/20230526_000000-43.sox.png,/Users/brookie/code/dse/soundhub/soundhub_utils/sox_gpu/codebase/sox_tensorflow/sox_comparison/spectrograms/20230526_000000-43.tf.png,MYTO,MYTO,1.0,1.0,True,0.0,0.005839943885803223,0.0006614318699575961,False,False,True,True,True,38,0.030235014855861664,0.005839943885803223,0.0007956582703627646,38,0.030235014855861664,0.005839943885803223,0.0007956582703627646
20230526_000000,44,/Users/brookie/code/dse/soundhub/soundhub_utils/sox_gpu/codebase/sox_tensorflow/sox_comparison/spectrograms/20230526_000000-44.sox.png,/Users/brookie/code/dse/soundhub/soundhub_utils/sox_gpu/codebase/sox_tensorflow/sox_comparison/spectrograms/20230526_000000-44.tf.png,PSFL,PSFL,0.9999746084213257,0.9999744892120361,True,1.1920928955078125e-07,0.00019323080778121948,1.1048489795939531e-05,True,True,True,True,True,3,6.252527236938477e-05,6.073713302612305e-05,2.0841756850131787e-05,3,6.252527236938477e-05,6.073713302612305e-05,2.0841756850131787e-05
20230526_000000,45,/Users/brookie/code/dse/soundhub/soundhub_utils/sox_gpu/codebase/sox_tensorflow/sox_comparison/spectrograms/20230526_000000-45.sox.png,/Users/brookie/code/dse/soundhub/soundhub_utils/sox_gpu/codebase/sox_tensorflow/sox_comparison/spectrograms/20230526_000000-45.tf.png,PSFL,PSFL,1.0,1.0,True,0.0,0.002912282943725586,0.00013337623386178166,True,True,True,True,True,6,0.005344793200492859,0.002912282943725586,0.0008907988667488098,6,0.005344793200492859,0.002912282943725586,0.0008907988667488098
20230526_000000,46,/Users/brookie/code/dse/soundhub/soundhub_utils/sox_gpu/codebase/sox_tensorflow/sox_comparison/spectrograms/20230526_000000-46.sox.png,/Users/brookie/code/dse/soundhub/soundhub_utils/sox_gpu/codebase/sox_tensorflow/sox_comparison/spectrograms/20230526_000000-46.tf.png,CALU,CALU,0.9999997615814209,0.9999997615814209,True,0.0,0.002472132444381714,0.00013242616842035204,True,True,True,True,True,4,0.004663050174713135,0.002472132444381714,0.0011657625436782837,4,0.004663050174713135,0.002472132444381714,0.0011657625436782837
20230526_000000,47,/Users/brookie/code/dse/soundhub/soundhub_utils/sox_gpu/codebase/sox_tensorflow/sox_comparison/spectrograms/20230526_000000-47.sox.png,/Users/brookie/code/dse/soundhub/soundhub_utils/sox_gpu/codebase/sox_tensorflow/sox_comparison/spectrograms/20230526_000000-47.tf.png,CALU,CALU,1.0,1.0,True,0.0,0.002570807933807373,0.00042645621579140425,True,True,True,True,True,31,0.01996685564517975,0.002570807933807373,0.0006440920988097787,31,0.01996685564517975,0.002570807933807373,0.0006440920988097787
20230526_000000,48,/Users/brookie/code/dse/soundhub/soundhub_utils/sox_gpu/codebase/sox_tensorflow/sox_comparison/spectrograms/20230526_000000-48.sox.png,/Users/brookie/code/dse/soundhub/soundhub_utils/sox_gpu/codebase/sox_tensorflow/sox_comparison/spectrograms/20230526_000000-48.tf.png,CALU,CALU,0.9999992847442627,0.9999992847442627,True,0.0,0.0039803385734558105,0.00035396195016801357,True,True,True,True,True,11,0.014606751501560211,0.0039803385734558105,0.0013278864789754152,11,0.014606751501560211,0.0039803385734558105,0.0013278864789754152
20230526_000000,49,/Users/brookie/code/dse/soundhub/soundhub_utils/sox_gpu/codebase/sox_tensorflow/sox_comparison/spectrograms/20230526_000000-49.sox.png,/Users/brookie/code/dse/soundhub/soundhub_utils/sox_gpu/codebase/sox_tensorflow/sox_comparison/spectrograms/20230526_000000-49.tf.png,MYTO,MYTO,1.0,1.0,True,0.0,0.005635678768157959,0.0007824319181963801,True,True,True,True,True,37,0.03601799160242081,0.005635678768157959,0.0009734592167660594,37,0.03601799160242081,0.005635678768157959,0.0009734592167660594
20230526_000000,5,/Users/brookie/code/dse/soundhub/soundhub_utils/sox_gpu/codebase/sox_tensorflow/sox_comparison/spectrograms/20230526_000000-5.sox.png,/Users/brookie/code/dse/soundhub/soundhub_utils/sox_gpu/codebase/sox_tensorflow/sox_comparison/spectrograms/20230526_000000-5.tf.png,MYTO,POEC,0.9999997615814209,0.9999997615814209,False,0.0,0.0020214393734931946,0.00028366007609292865,True,True,True,True,True,39,0.010507196187973022,0.0018214583396911621,0.0002694152935873717,39,0.010507196187973022,0.0018214583396911621,0.0002694152935873717
20230526_000000,50,/Users/brookie/code/dse/soundhub/soundhub_utils/sox_gpu/codebase/sox_tensorflow/sox_comparison/spectrograms/20230526_000000-50.sox.png,/Users/brookie/code/dse/soundhub/soundhub_utils/sox_gpu/codebase/sox_tensorflow/sox_comparison/spectrograms/20230526_000000-50.tf.png,MYTO,MYTO,0.9969930648803711,0.9970301389694214,True,3.707408905029297e-05,0.0034849047660827637,0.00034243566915392876,True,True,True,True,True,11,0.013129547238349915,0.0034849047660827637,0.001193595235235989,11,0.013129547238349915,0.0034849047660827637,0.001193595235235989
20230526_000000,6,/Users/brookie/code/dse/soundhub/soundhub_utils/sox_gpu/codebase/sox_tensorflow/sox_comparison/spectrograms/20230526_000000-6.sox.png,/Users/brookie/code/dse/soundhub/soundhub_utils/sox_gpu/codebase/sox_tensorflow/sox_comparison/spectrograms/20230526_000000-6.tf.png,CALU,CALU,1.0,1.0,True,0.0,0.006573602557182312,0.0008131302311085165,True,True,True,True,True,34,0.03748787194490433,0.006573602557182312,0.0011025844141840935,34,0.03748787194490433,0.006573602557182312,0.0011025844141840935
20230526_000000,7,/Users/brookie/code/dse/soundhub/soundhub_utils/sox_gpu/codebase/sox_tensorflow/sox_comparison/spectrograms/20230526_000000-7.sox.png,/Users/brookie/code/dse/soundhub/soundhub_utils/sox_gpu/codebase/sox_tensorflow/sox_comparison/spectrograms/20230526_000000-7.tf.png,CALU,CALU,1.0,1.0,True,0.0,0.0012676417827606201,0.00014704751083627343,True,True,True,True,True,14,0.005661830306053162,0.0012676417827606201,0.0004044164379592985,14,0.005661830306053162,0.0012676417827606201,0.0004044164379592985
20230526_000000,8,/Users/brookie/code/dse/soundhub/soundhub_utils/sox_gpu/codebase/sox_tensorflow/sox_comparison/spectrograms/20230526_000000-8.sox.png,/Users/brookie/code/dse/soundhub/soundhub_utils/sox_gpu/codebase/sox_tensorflow/sox_comparison/spectrograms/20230526_000000-8.tf.png,PSFL,PSFL,1.0,1.0,True,0.0,0.0004379749298095703,2.2041300326236524e-05,True,True,True,True,True,5,0.0008359551429748535,0.0004379749298095703,0.0001671910285949707,5,0.0008359551429748535,0.0004379749298095703,0.0001671910285949707
20230526_000000,9,/Users/brookie/code/dse/soundhub/soundhub_utils/sox_gpu/codebase/sox_tensorflow/sox_comparison/spectrograms/20230526_000000-9.sox.png,/Users/brookie/code/dse/soundhub/soundhub_utils/sox_gpu/codebase/sox_tensorflow/sox_comparison/spectrograms/20230526_000000-9.tf.png,CALU,CALU,0.9999998807907104,0.9999998807907104,True,0.0,0.0027942657470703125,0.000186772012966685,True,True,True,True,True,9,0.008526571094989777,0.0027942657470703125,0.0009473967947997153,9,0.008526571094989777,0.0027942657470703125,0.0009473967947997153
