accuracy,std_dev,max_diff,min_diff,mean_abs_diff,pixels_within_1,pixels_within_2,pixels_within_5,pixels_greater_5,total_pixels,pct_within_1,pct_within_2,pct_within_5,pct_greater_5,audio_file,segment_idx,start_time
99.815953307393,0.04433394392995418,2.0,0.0,0.0018832684824902724,256989,257000,257000,0,257000,99.99571984435798,100.0,100.0,0.0,20230522_000000,1,21916.942998653252
99.78132295719846,0.04830931952136149,2.0,0.0,0.0022373540856031127,256987,257000,257000,0,257000,99.99494163424124,100.0,100.0,0.0,20230522_000000,2,28895.911838824533
99.78832684824903,0.04794637789231293,2.0,0.0,0.002178988326848249,256984,257000,257000,0,257000,99.99377431906615,100.0,100.0,0.0,20230522_000000,3,2815.7749112015304
99.82801556420233,0.04322696111922327,2.0,0.0,0.0017704280155642024,256987,257000,257000,0,257000,99.99494163424124,100.0,100.0,0.0,20230522_000000,4,13665.203895966539
99.76536964980545,0.050156684053376296,2.0,0.0,0.002404669260700389,256985,257000,257000,0,257000,99.99416342412452,100.0,100.0,0.0,20230522_000000,5,965.0723431602223
99.78949416342412,0.0480684771420304,2.0,0.0,0.0021750972762645915,256982,257000,257000,0,257000,99.99299610894941,100.0,100.0,0.0,20230522_000000,6,7081.246727939106
99.82762645914397,0.04286539120238587,2.0,0.0,0.0017626459143968872,256990,257000,257000,0,257000,99.99610894941634,100.0,100.0,0.0,20230522_000000,7,16367.447071091701
99.79610894941634,0.047745660796317244,2.0,0.0,0.0021206225680933852,256979,257000,257000,0,257000,99.99182879377432,100.0,100.0,0.0,20230522_000000,8,859.4469861209751
99.8124513618677,0.04498495915623822,2.0,0.0,0.0019260700389105059,256987,257000,257000,0,257000,99.99494163424124,100.0,100.0,0.0,20230522_000000,9,6439.953830439172
99.80972762645915,0.04502835031798647,2.0,0.0,0.0019455252918287938,256989,257000,257000,0,257000,99.99571984435798,100.0,100.0,0.0,20230522_000000,10,21048.457170803198
99.82101167315174,0.04389420746436008,2.0,0.0,0.0018365758754863813,256988,257000,257000,0,257000,99.99533073929962,100.0,100.0,0.0,20230522_000000,11,17649.564673776982
99.81750972762646,0.04389226203587932,2.0,0.0,0.001859922178988327,256991,257000,257000,0,257000,99.9964980544747,100.0,100.0,0.0,20230522_000000,12,7139.6308666540845
99.82178988326848,0.04380515023197763,2.0,0.0,0.0018287937743190661,256988,257000,257000,0,257000,99.99533073929962,100.0,100.0,0.0,20230522_000000,13,19085.136969372932
99.83112840466926,0.04231913752188865,2.0,0.0,0.0017237354085603113,256991,257000,257000,0,257000,99.9964980544747,100.0,100.0,0.0,20230522_000000,14,26215.83363088145
99.81322957198444,0.044244457788483446,2.0,0.0,0.0018988326848249028,256992,257000,257000,0,257000,99.99688715953307,100.0,100.0,0.0,20230522_000000,15,210.4818284530402
99.8249027237354,0.04318208699547119,2.0,0.0,0.0017898832684824903,256990,257000,257000,0,257000,99.99610894941634,100.0,100.0,0.0,20230522_000000,16,26098.873928360983
99.80311284046692,0.04676191856266465,2.0,0.0,0.0020428015564202336,256981,257000,257000,0,257000,99.99260700389105,100.0,100.0,0.0,20230522_000000,17,22611.338724878693
99.8124513618677,0.04433098707888848,2.0,0.0,0.001906614785992218,256992,257000,257000,0,257000,99.99688715953307,100.0,100.0,0.0,20230522_000000,18,11020.033728984721
99.81322957198444,0.044767367420094656,2.0,0.0,0.001914396887159533,256988,257000,257000,0,257000,99.99533073929962,100.0,100.0,0.0,20230522_000000,19,5035.670039903981
99.83579766536965,0.041061480841052114,2.0,0.0,0.0016575875486381324,256996,257000,257000,0,257000,99.99844357976654,100.0,100.0,0.0,20230522_000000,20,31002.21698263323
99.81750972762646,0.04349265874018454,2.0,0.0,0.001848249027237354,256994,257000,257000,0,257000,99.99766536964981,100.0,100.0,0.0,20230522_000000,21,10901.624127107756
99.80856031128404,0.04541374324829974,2.0,0.0,0.0019649805447470815,256987,257000,257000,0,257000,99.99494163424124,100.0,100.0,0.0,20230522_000000,22,3003.8523753962304
99.77976653696497,0.04858847270322239,2.0,0.0,0.002256809338521401,256986,257000,257000,0,257000,99.99455252918288,100.0,100.0,0.0,20230522_000000,23,3132.4500128822324
99.83190661478599,0.041949743693224906,2.0,0.0,0.001708171206225681,256993,257000,257000,0,257000,99.99727626459143,100.0,100.0,0.0,20230522_000000,24,27448.647537261528
99.78793774319065,0.04749881151341481,2.0,0.0,0.0021673151750972765,256988,257000,257000,0,257000,99.99533073929962,100.0,100.0,0.0,20230522_000000,25,19553.478703910867
99.81322957198444,0.045416030213908165,2.0,0.0,0.001933852140077821,256983,257000,257000,0,257000,99.99338521400777,100.0,100.0,0.0,20230522_000000,26,26141.270514810625
99.80778210116732,0.04524272128172062,2.0,0.0,0.0019649805447470815,256989,257000,257000,0,257000,99.99571984435798,100.0,100.0,0.0,20230522_000000,27,23634.553107439373
99.8182879377432,0.043937055221895144,2.0,0.0,0.0018560311284046692,256990,257000,257000,0,257000,99.99610894941634,100.0,100.0,0.0,20230522_000000,28,17367.355426034846
99.81089494163425,0.0450266993556301,2.0,0.0,0.0019377431906614786,256988,257000,257000,0,257000,99.99533073929962,100.0,100.0,0.0,20230522_000000,29,31517.273363763856
99.82529182879377,0.04272789629118694,2.0,0.0,0.0017743190661478599,256993,257000,257000,0,257000,99.99727626459143,100.0,100.0,0.0,20230522_000000,30,12259.971409024152
99.82996108949416,0.04259469626620013,2.0,0.0,0.0017392996108949415,256990,257000,257000,0,257000,99.99610894941634,100.0,100.0,0.0,20230522_000000,31,17879.491965677276
99.82101167315174,0.04349330900674514,2.0,0.0,0.0018249027237354086,256991,257000,257000,0,257000,99.9964980544747,100.0,100.0,0.0,20230522_000000,32,26862.758265825996
99.7727626459144,0.04870539022860591,2.0,0.0,0.0023073929961089494,256991,257000,257000,0,257000,99.9964980544747,100.0,100.0,0.0,20230522_000000,33,20032.6177395732
99.82723735408561,0.04358459377795119,2.0,0.0,0.0017859922178988328,256985,257000,257000,0,257000,99.99416342412452,100.0,100.0,0.0,20230522_000000,34,27908.963087265452
99.8147859922179,0.04367023943269824,2.0,0.0,0.0018715953307392996,256995,257000,257000,0,257000,99.99805447470817,100.0,100.0,0.0,20230522_000000,35,18699.281280576008
99.81089494163425,0.04490000446958423,2.0,0.0,0.001933852140077821,256989,257000,257000,0,257000,99.99571984435798,100.0,100.0,0.0,20230522_000000,36,22819.67263132894
99.79416342412452,0.04696593862961707,2.0,0.0,0.0021089494163424125,256987,257000,257000,0,257000,99.99494163424124,100.0,100.0,0.0,20230522_000000,37,1484.1601378395878
99.8089494163424,0.04537104869331941,2.0,0.0,0.0019610894941634242,256987,257000,257000,0,257000,99.99494163424124,100.0,100.0,0.0,20230522_000000,38,7381.169351802299
99.83035019455254,0.042410359245869216,2.0,0.0,0.0017315175097276266,256991,257000,257000,0,257000,99.9964980544747,100.0,100.0,0.0,20230522_000000,39,9372.697365145046
99.79533073929962,0.04684063419763356,2.0,0.0,0.00209727626459144,256987,257000,257000,0,257000,99.99494163424124,100.0,100.0,0.0,20230522_000000,40,2584.302548602447
99.80583657587549,0.04571181252407571,2.0,0.0,0.0019922178988326846,256987,257000,257000,0,257000,99.99494163424124,100.0,100.0,0.0,20230522_000000,41,7539.6312274610455
99.79494163424124,0.04737733987116331,2.0,0.0,0.0021167315175097275,256983,257000,257000,0,257000,99.99338521400777,100.0,100.0,0.0,20230522_000000,42,3271.234295722307
99.81284046692606,0.04402454362614571,2.0,0.0,0.001894941634241245,256994,257000,257000,0,257000,99.99766536964981,100.0,100.0,0.0,20230522_000000,43,9003.009057529664
99.78287937743191,0.0476609623945161,2.0,0.0,0.0022062256809338523,256991,257000,257000,0,257000,99.9964980544747,100.0,100.0,0.0,20230522_000000,44,20588.547780835393
99.79961089494164,0.046259629184124705,2.0,0.0,0.0020505836575875486,256988,257000,257000,0,257000,99.99533073929962,100.0,100.0,0.0,20230522_000000,45,11816.184612483088
99.79844357976654,0.04737904952831391,2.0,0.0,0.002093385214007782,256980,257000,257000,0,257000,99.99221789883268,100.0,100.0,0.0,20230522_000000,46,11989.421162981595
99.84124513618677,0.04167303167682986,2.0,0.0,0.0016381322957198443,256987,257000,257000,0,257000,99.99494163424124,100.0,100.0,0.0,20230522_000000,47,6785.513712626944
99.80739299610894,0.04541307780635564,2.0,0.0,0.001972762645914397,256988,257000,257000,0,257000,99.99533073929962,100.0,100.0,0.0,20230522_000000,48,8646.877700526684
99.79299610894941,0.047212449283835826,2.0,0.0,0.002124513618677043,256986,257000,257000,0,257000,99.99455252918288,100.0,100.0,0.0,20230522_000000,49,30336.368786832256
99.79961089494164,0.04575284494909553,2.0,0.0,0.002035019455252918,256992,257000,257000,0,257000,99.99688715953307,100.0,100.0,0.0,20230522_000000,50,20988.570057366673
