accuracy,std_dev,max_diff,min_diff,mean_abs_diff,pixels_within_1,pixels_within_2,pixels_within_5,pixels_greater_5,total_pixels,pct_within_1,pct_within_2,pct_within_5,pct_greater_5,percentile_range,brightness_low,brightness_high
99.2998599719944,0.08340074577322937,1.0,0.0,0.007001400280056011,24995,24995,24995,0,24995,100.0,100.0,100.0,0.0,0-10%,0.0,13.0
99.38864270474315,0.08617167992309206,2.0,0.0,0.006564910553093714,24361,24372,24372,0,24372,99.95486623994748,100.0,100.0,0.0,10-20%,13.0,27.0
99.77711457821768,0.047161610634422264,1.0,0.0,0.0022288542178232782,26471,26471,26471,0,26471,100.0,100.0,100.0,0.0,20-30%,27.0,35.0
99.87017585270861,0.03600772197726439,1.0,0.0,0.001298241472913962,25419,25419,25419,0,25419,100.0,100.0,100.0,0.0,30-40%,35.0,41.0
99.91404761014986,0.0293071324873488,1.0,0.0,0.0008595238985014388,26759,26759,26759,0,26759,100.0,100.0,100.0,0.0,40-50%,41.0,47.0
99.9289408234969,0.026647454369497656,1.0,0.0,0.0007105917650309897,25331,25331,25331,0,25331,100.0,100.0,100.0,0.0,50-60%,47.0,54.0
99.94727526079915,0.022955814126187205,1.0,0.0,0.0005272473920084359,26553,26553,26553,0,26553,100.0,100.0,100.0,0.0,60-70%,54.0,67.29999999998836
99.9918533604888,0.009025505987947923,1.0,0.0,8.146639511201629e-05,24550,24550,24550,0,24550,100.0,100.0,100.0,0.0,70-80%,67.29999999998836,86.0
100.0,0.0,0.0,0.0,0.0,25956,25956,25956,0,25956,100.0,100.0,100.0,0.0,80-90%,86.0,103.0
100.0,0.0,0.0,0.0,0.0,26594,26594,26594,0,26594,100.0,100.0,100.0,0.0,90-100%,103.0,192.0
99.24190766515582,0.08674481436310054,1.0,0.0,0.007580923348441699,24931,24931,24931,0,24931,100.0,100.0,100.0,0.0,0-10%,0.0,11.0
99.34678416821274,0.08056975338707881,1.0,0.0,0.006532158317872604,25872,25872,25872,0,25872,100.0,100.0,100.0,0.0,10-20%,11.0,24.0
99.66758780888301,0.06979889674080793,2.0,0.0,0.003844767511714526,24956,24969,24969,0,24969,99.94793543994554,100.0,100.0,0.0,20-30%,24.0,32.0
99.816074254673,0.04284710708193283,1.0,0.0,0.0018392574532700287,23379,23379,23379,0,23379,100.0,100.0,100.0,0.0,30-40%,32.0,37.0
99.88398637775532,0.0340410091858648,1.0,0.0,0.0011601362224467648,26721,26721,26721,0,26721,100.0,100.0,100.0,0.0,40-50%,37.0,42.0
99.9189149343948,0.028469332599786377,1.0,0.0,0.0008108506560518945,27132,27132,27132,0,27132,100.0,100.0,100.0,0.0,50-60%,42.0,47.0
99.9155476733384,0.02905074110555929,1.0,0.0,0.0008445232666159953,23682,23682,23682,0,23682,100.0,100.0,100.0,0.0,60-70%,47.0,52.0
99.98178838098707,0.013493814279980115,1.0,0.0,0.00018211619012930248,27455,27455,27455,0,27455,100.0,100.0,100.0,0.0,70-80%,52.0,61.0
100.0,0.0,0.0,0.0,0.0,26196,26196,26196,0,26196,100.0,100.0,100.0,0.0,80-90%,61.0,79.0
100.0,0.0,0.0,0.0,0.0,26663,26663,26663,0,26663,100.0,100.0,100.0,0.0,90-100%,79.0,175.0
99.34151329243353,0.08088619900177375,1.0,0.0,0.006584867075664622,24450,24450,24450,0,24450,100.0,100.0,100.0,0.0,0-10%,0.0,11.0
99.28786964393483,0.08409357988009925,1.0,0.0,0.00712130356065178,24855,24855,24855,0,24855,100.0,100.0,100.0,0.0,10-20%,11.0,24.0
99.63613550815559,0.07417886424239108,2.0,0.0,0.004265997490589712,23895,23910,23910,0,23910,99.93726474278544,100.0,100.0,0.0,20-30%,24.0,32.0
99.80094367443232,0.04457130145734967,1.0,0.0,0.0019905632556767917,27128,27128,27128,0,27128,100.0,100.0,100.0,0.0,30-40%,32.0,38.0
99.8678688014923,0.036325832677518065,1.0,0.0,0.001321311985076947,25732,25732,25732,0,25732,100.0,100.0,100.0,0.0,40-50%,38.0,43.0
99.9280172758538,0.026819938296060605,1.0,0.0,0.0007198272414620491,25006,25006,25006,0,25006,100.0,100.0,100.0,0.0,50-60%,43.0,48.0
99.96386630532972,0.01900666686964884,1.0,0.0,0.0003613369467028004,27675,27675,27675,0,27675,100.0,100.0,100.0,0.0,60-70%,48.0,55.0
99.99617224880383,0.00618676383853469,1.0,0.0,3.8277511961722486e-05,26125,26125,26125,0,26125,100.0,100.0,100.0,0.0,70-80%,55.0,67.0
99.9961142413056,0.012466928576323472,2.0,0.0,7.771517388770157e-05,25734,25735,25735,0,25735,99.9961142413056,100.0,100.0,0.0,80-90%,67.0,86.0
99.99620982413585,0.006156323748658191,1.0,0.0,3.790175864160097e-05,26384,26384,26384,0,26384,100.0,100.0,100.0,0.0,90-100%,86.0,169.0
99.4492117341848,0.07401044444384923,1.0,0.0,0.005507882658152065,25055,25055,25055,0,25055,100.0,100.0,100.0,0.0,0-10%,0.0,11.0
99.3936271401395,0.07764571600906651,1.0,0.0,0.006063728598604946,25232,25232,25232,0,25232,100.0,100.0,100.0,0.0,10-20%,11.0,24.0
99.69156667230014,0.06869884777978827,2.0,0.0,0.003633598107148893,23655,23668,23668,0,23668,99.94507351698496,100.0,100.0,0.0,20-30%,24.0,32.0
99.87352602016144,0.035540684175012396,1.0,0.0,0.0012647397983855968,26883,26883,26883,0,26883,100.0,100.0,100.0,0.0,30-40%,32.0,38.0
99.90093288202758,0.03146182617745617,1.0,0.0,0.0009906711797242633,24226,24226,24226,0,24226,100.0,100.0,100.0,0.0,40-50%,38.0,43.0
99.94518345271159,0.02340651591968397,1.0,0.0,0.0005481654728840813,27364,27364,27364,0,27364,100.0,100.0,100.0,0.0,50-60%,43.0,49.0
99.9817910339051,0.013492831589567359,1.0,0.0,0.00018208966094905132,27459,27459,27459,0,27459,100.0,100.0,100.0,0.0,60-70%,49.0,58.0
100.0,0.0,0.0,0.0,0.0,24708,24708,24708,0,24708,100.0,100.0,100.0,0.0,70-80%,58.0,73.0
100.0,0.0,0.0,0.0,0.0,26392,26392,26392,0,26392,100.0,100.0,100.0,0.0,80-90%,73.0,92.0
100.0,0.0,0.0,0.0,0.0,26013,26013,26013,0,26013,100.0,100.0,100.0,0.0,90-100%,92.0,173.0
99.23670353891995,0.08704693160965907,1.0,0.0,0.0076329646108004405,24499,24499,24499,0,24499,100.0,100.0,100.0,0.0,0-10%,0.0,11.0
99.27802060568217,0.08466208430340182,1.0,0.0,0.00721979394317827,25624,25624,25624,0,25624,100.0,100.0,100.0,0.0,10-20%,11.0,24.0
99.573268921095,0.0778150155237997,2.0,0.0,0.004871175523349436,24825,24840,24840,0,24840,99.93961352657004,100.0,100.0,0.0,20-30%,24.0,32.0
99.8103611757607,0.043506228910663025,1.0,0.0,0.0018963882423928971,23202,23202,23202,0,23202,100.0,100.0,100.0,0.0,30-40%,32.0,37.0
99.85255198487712,0.03837064059293727,1.0,0.0,0.0014744801512287335,26450,26450,26450,0,26450,100.0,100.0,100.0,0.0,40-50%,37.0,42.0
99.91672029375025,0.02884620445657157,1.0,0.0,0.000832797062497634,26417,26417,26417,0,26417,100.0,100.0,100.0,0.0,50-60%,42.0,47.0
99.93227990970655,0.026014271119360645,1.0,0.0,0.0006772009029345372,26580,26580,26580,0,26580,100.0,100.0,100.0,0.0,60-70%,47.0,53.0
99.99239428049893,0.008720745972319978,1.0,0.0,7.6057195010648e-05,26296,26296,26296,0,26296,100.0,100.0,100.0,0.0,70-80%,53.0,63.0
100.0,0.0,0.0,0.0,0.0,26647,26647,26647,0,26647,100.0,100.0,100.0,0.0,80-90%,63.0,82.0
100.0,0.0,0.0,0.0,0.0,26445,26445,26445,0,26445,100.0,100.0,100.0,0.0,90-100%,82.0,169.0
99.30922389272654,0.08283877718463059,1.0,0.0,0.00690776107273466,24610,24610,24610,0,24610,100.0,100.0,100.0,0.0,0-10%,0.0,11.0
99.25852102850308,0.08579619221228678,1.0,0.0,0.007414789714969105,25085,25085,25085,0,25085,100.0,100.0,100.0,0.0,10-20%,11.0,24.0
99.6788187202803,0.0738142976289575,2.0,0.0,0.00396262617835989,23956,23974,23974,0,23974,99.92491866188371,100.0,100.0,0.0,20-30%,24.0,32.0
99.82448599469876,0.041857610256758625,1.0,0.0,0.0017551400530123934,27918,27918,27918,0,27918,100.0,100.0,100.0,0.0,30-40%,32.0,38.0
99.8757997741814,0.03522016025767891,1.0,0.0,0.001242002258185924,26570,26570,26570,0,26570,100.0,100.0,100.0,0.0,40-50%,38.0,43.0
99.92205410362219,0.027907909407583167,1.0,0.0,0.0007794589637780834,21810,21810,21810,0,21810,100.0,100.0,100.0,0.0,50-60%,43.0,47.0
99.9752098310727,0.015742942356033556,1.0,0.0,0.00024790168927293975,28237,28237,28237,0,28237,100.0,100.0,100.0,0.0,60-70%,47.0,53.0
99.99222818061708,0.008815792297302349,1.0,0.0,7.771819382917541e-05,25734,25734,25734,0,25734,100.0,100.0,100.0,0.0,70-80%,53.0,61.0
100.0,0.0,0.0,0.0,0.0,27167,27167,27167,0,27167,100.0,100.0,100.0,0.0,80-90%,61.0,78.0
100.0,0.0,0.0,0.0,0.0,25895,25895,25895,0,25895,100.0,100.0,100.0,0.0,90-100%,78.0,163.0
99.37230129537822,0.0789847068872518,1.0,0.0,0.0062769870462178155,25012,25012,25012,0,25012,100.0,100.0,100.0,0.0,0-10%,0.0,12.0
99.36523241332208,0.08665133690721077,2.0,0.0,0.006749427503917079,24881,24891,24891,0,24891,99.9598248362862,100.0,100.0,0.0,10-20%,12.0,26.0
99.7590879759088,0.049027783339105624,1.0,0.0,0.002409120240912024,23245,23245,23245,0,23245,100.0,100.0,100.0,0.0,20-30%,26.0,33.0
99.86417261719963,0.03682972875561109,1.0,0.0,0.0013582738280037256,25768,25768,25768,0,25768,100.0,100.0,100.0,0.0,30-40%,33.0,39.0
99.90977660687864,0.030023655759201805,1.0,0.0,0.000902233931213685,27709,27709,27709,0,27709,100.0,100.0,100.0,0.0,40-50%,39.0,45.0
99.97525569119102,0.01572837753895474,1.0,0.0,0.00024744308808973936,24248,24248,24248,0,24248,100.0,100.0,100.0,0.0,50-60%,45.0,51.0
99.97898276586801,0.014495798319058745,1.0,0.0,0.0002101723413198823,28548,28548,28548,0,28548,100.0,100.0,100.0,0.0,60-70%,51.0,63.0
100.0,0.0,0.0,0.0,0.0,25085,25085,25085,0,25085,100.0,100.0,100.0,0.0,70-80%,63.0,81.0
100.0,0.0,0.0,0.0,0.0,26704,26704,26704,0,26704,100.0,100.0,100.0,0.0,80-90%,81.0,99.0
100.0,0.0,0.0,0.0,0.0,25790,25790,25790,0,25790,100.0,100.0,100.0,0.0,90-100%,99.0,179.0
99.31225296442688,0.08264484713058196,1.0,0.0,0.006877470355731225,25300,25300,25300,0,25300,100.0,100.0,100.0,0.0,0-10%,0.0,11.0
99.31985859206885,0.08219607257033973,1.0,0.0,0.006801414079311405,26024,26024,26024,0,26024,100.0,100.0,100.0,0.0,10-20%,11.0,24.0
99.62695645122051,0.07914530046571927,2.0,0.0,0.004581947936096018,24641,24662,24662,0,24662,99.9148487551699,100.0,100.0,0.0,20-30%,24.0,32.0
99.86437415233846,0.03680243252232231,1.0,0.0,0.0013562584766154788,22857,22857,22857,0,22857,100.0,100.0,100.0,0.0,30-40%,32.0,37.0
99.90080500553204,0.03147961213209217,1.0,0.0,0.0009919499446797147,26211,26211,26211,0,26211,100.0,100.0,100.0,0.0,40-50%,37.0,42.0
99.95094524734915,0.022145703684337683,1.0,0.0,0.0004905475265084337,26501,26501,26501,0,26501,100.0,100.0,100.0,0.0,50-60%,42.0,47.0
99.9659348978047,0.018453589863067516,1.0,0.0,0.00034065102195306586,26420,26420,26420,0,26420,100.0,100.0,100.0,0.0,60-70%,47.0,53.0
99.99247186359017,0.008676156799789694,1.0,0.0,7.528136409831747e-05,26567,26567,26567,0,26567,100.0,100.0,100.0,0.0,70-80%,53.0,63.0
100.0,0.0,0.0,0.0,0.0,25839,25839,25839,0,25839,100.0,100.0,100.0,0.0,80-90%,63.0,81.0
100.0,0.0,0.0,0.0,0.0,26619,26619,26619,0,26619,100.0,100.0,100.0,0.0,90-100%,81.0,176.0
99.43864957401067,0.07472452979001394,1.0,0.0,0.005613504259893304,25118,25118,25118,0,25118,100.0,100.0,100.0,0.0,0-10%,0.0,10.0
99.31350114416476,0.08257033662548612,1.0,0.0,0.006864988558352402,25783,25783,25783,0,25783,100.0,100.0,100.0,0.0,10-20%,10.0,23.0
99.69406650028179,0.06794425345668305,2.0,0.0,0.003582642299331777,24829,24842,24842,0,24842,99.94766926978504,100.0,100.0,0.0,20-30%,23.0,31.0
99.84389228567711,0.03947961729021339,1.0,0.0,0.0015610771432288278,23061,23061,23061,0,23061,100.0,100.0,100.0,0.0,30-40%,31.0,36.0
99.8819092605996,0.03434403662545835,1.0,0.0,0.0011809073940040379,26251,26251,26251,0,26251,100.0,100.0,100.0,0.0,40-50%,36.0,41.0
99.94763810449938,0.022879664964299606,1.0,0.0,0.0005236189550061713,26737,26737,26737,0,26737,100.0,100.0,100.0,0.0,50-60%,41.0,46.0
99.98896084780688,0.010506157034948668,1.0,0.0,0.00011039152193111568,27176,27176,27176,0,27176,100.0,100.0,100.0,0.0,60-70%,46.0,52.0
99.9839595781369,0.012664062899306664,1.0,0.0,0.00016040421863095,24937,24937,24937,0,24937,100.0,100.0,100.0,0.0,70-80%,52.0,61.0
100.0,0.0,0.0,0.0,0.0,27242,27242,27242,0,27242,100.0,100.0,100.0,0.0,80-90%,61.0,80.0
100.0,0.0,0.0,0.0,0.0,25853,25853,25853,0,25853,100.0,100.0,100.0,0.0,90-100%,80.0,164.0
99.27338041392824,0.08494553856611604,1.0,0.0,0.007266195860717639,24497,24497,24497,0,24497,100.0,100.0,100.0,0.0,0-10%,0.0,13.0
99.43300875138667,0.08360193344789026,2.0,0.0,0.006121862032129504,24328,24339,24339,0,24339,99.95480504540039,100.0,100.0,0.0,10-20%,13.0,27.0
99.68988730050677,0.05560551597366911,1.0,0.0,0.0031011269949323046,26442,26442,26442,0,26442,100.0,100.0,100.0,0.0,20-30%,27.0,35.0
99.85052316890882,0.03863909428560576,1.0,0.0,0.0014947683109118087,25422,25422,25422,0,25422,100.0,100.0,100.0,0.0,30-40%,35.0,41.0
99.88220136204676,0.03430403421750339,1.0,0.0,0.0011779863795324866,27165,27165,27165,0,27165,100.0,100.0,100.0,0.0,40-50%,41.0,47.0
99.94048378183055,0.02438868515668674,1.0,0.0,0.0005951621816945117,23523,23523,23523,0,23523,100.0,100.0,100.0,0.0,50-60%,47.0,53.0
99.98938954516518,0.010300159715903714,1.0,0.0,0.00010610454834830586,28274,28274,28274,0,28274,100.0,100.0,100.0,0.0,60-70%,53.0,65.0
99.98826750097771,0.01083103065592498,1.0,0.0,0.00011732499022291749,25570,25570,25570,0,25570,100.0,100.0,100.0,0.0,70-80%,65.0,84.0
99.99601879130505,0.006309556398617148,1.0,0.0,3.9812086949597896e-05,25118,25118,25118,0,25118,100.0,100.0,100.0,0.0,80-90%,84.0,102.0
100.0,0.0,0.0,0.0,0.0,26650,26650,26650,0,26650,100.0,100.0,100.0,0.0,90-100%,102.0,183.0
99.30550043654259,0.08306631913801663,1.0,0.0,0.0069449956345741725,25198,25198,25198,0,25198,100.0,100.0,100.0,0.0,0-10%,0.0,12.0
99.35736803815375,0.08851372649723377,2.0,0.0,0.00691132487268612,24730,24742,24742,0,24742,99.95149947457764,100.0,100.0,0.0,10-20%,12.0,26.0
99.74195451026652,0.05073259455081693,1.0,0.0,0.002580454897334759,27127,27127,27127,0,27127,100.0,100.0,100.0,0.0,20-30%,26.0,34.0
99.89840683444932,0.0318574879483325,1.0,0.0,0.0010159316555068115,21655,21655,21655,0,21655,100.0,100.0,100.0,0.0,30-40%,34.0,39.0
99.93153153153153,0.02615752074580546,1.0,0.0,0.0006846846846846847,27750,27750,27750,0,27750,100.0,100.0,100.0,0.0,40-50%,39.0,45.0
99.97173658497194,0.0168093506185608,1.0,0.0,0.00028263415028061535,24767,24767,24767,0,24767,100.0,100.0,100.0,0.0,50-60%,45.0,51.0
99.97079012706294,0.01708839979936177,1.0,0.0,0.0002920987293705272,27388,27388,27388,0,27388,100.0,100.0,100.0,0.0,60-70%,51.0,62.0
100.0,0.0,0.0,0.0,0.0,25917,25917,25917,0,25917,100.0,100.0,100.0,0.0,70-80%,62.0,80.0
100.0,0.0,0.0,0.0,0.0,26350,26350,26350,0,26350,100.0,100.0,100.0,0.0,80-90%,80.0,97.0
100.0,0.0,0.0,0.0,0.0,26106,26106,26106,0,26106,100.0,100.0,100.0,0.0,90-100%,97.0,187.0
99.3086733680321,0.08286474189642208,1.0,0.0,0.00691326631967897,25169,25169,25169,0,25169,100.0,100.0,100.0,0.0,0-10%,0.0,12.0
99.37487713780224,0.0852591991387001,2.0,0.0,0.0066050717515234916,25426,25435,25435,0,25435,99.96461568704541,100.0,100.0,0.0,10-20%,12.0,26.0
99.7119423884777,0.05359364138092737,1.0,0.0,0.002880576115223045,24995,24995,24995,0,24995,100.0,100.0,100.0,0.0,20-30%,26.0,33.0
99.84860282031318,0.03888032518210887,1.0,0.0,0.0015139717968682411,23118,23118,23118,0,23118,100.0,100.0,100.0,0.0,30-40%,33.0,38.0
99.94668494611372,0.02308389675435619,1.0,0.0,0.000533150538862866,26259,26259,26259,0,26259,100.0,100.0,100.0,0.0,40-50%,38.0,43.0
99.9593841154968,0.020149289814396468,1.0,0.0,0.00040615884503193884,27083,27083,27083,0,27083,100.0,100.0,100.0,0.0,50-60%,43.0,48.0
99.98921832884096,0.010382922861458537,1.0,0.0,0.00010781671159029649,27825,27825,27825,0,27825,100.0,100.0,100.0,0.0,60-70%,48.0,54.0
99.99594254645784,0.006369685167152669,1.0,0.0,4.057453542156942e-05,24646,24646,24646,0,24646,100.0,100.0,100.0,0.0,70-80%,54.0,62.0
100.0,0.0,0.0,0.0,0.0,25941,25941,25941,0,25941,100.0,100.0,100.0,0.0,80-90%,62.0,79.0
100.0,0.0,0.0,0.0,0.0,26529,26529,26529,0,26529,100.0,100.0,100.0,0.0,90-100%,79.0,164.0
99.36739078539031,0.07929106602087913,1.0,0.0,0.00632609214609692,25134,25134,25134,0,25134,100.0,100.0,100.0,0.0,0-10%,0.0,12.0
99.42031287223061,0.08477548096860242,2.0,0.0,0.006273326451203049,25174,25186,25186,0,25186,99.95235448264908,100.0,100.0,0.0,10-20%,12.0,26.0
99.76343359242988,0.04858052808669527,1.0,0.0,0.0023656640757012504,23672,23672,23672,0,23672,100.0,100.0,100.0,0.0,20-30%,26.0,33.0
99.83336489301269,0.04078996244879728,1.0,0.0,0.00166635106987313,26405,26405,26405,0,26405,100.0,100.0,100.0,0.0,30-40%,33.0,39.0
99.89598502184315,0.03223457569133568,1.0,0.0,0.001040149781568546,24035,24035,24035,0,24035,100.0,100.0,100.0,0.0,40-50%,39.0,44.0
99.93700203816935,0.025091487480557728,1.0,0.0,0.0006299796183064666,26985,26985,26985,0,26985,100.0,100.0,100.0,0.0,50-60%,44.0,50.0
99.9698783839753,0.017352966002150853,1.0,0.0,0.00030121616024699724,26559,26559,26559,0,26559,100.0,100.0,100.0,0.0,60-70%,50.0,59.0
99.98853211009174,0.010708209366307422,1.0,0.0,0.00011467889908256881,26160,26160,26160,0,26160,100.0,100.0,100.0,0.0,70-80%,59.0,77.0
100.0,0.0,0.0,0.0,0.0,26344,26344,26344,0,26344,100.0,100.0,100.0,0.0,80-90%,77.0,95.0
100.0,0.0,0.0,0.0,0.0,26520,26520,26520,0,26520,100.0,100.0,100.0,0.0,90-100%,95.0,175.0
99.47441217150761,0.07231798290319306,1.0,0.0,0.0052558782849239285,25305,25305,25305,0,25305,100.0,100.0,100.0,0.0,0-10%,0.0,10.0
99.3654090227299,0.07940805501873086,1.0,0.0,0.00634590977270105,26001,26001,26001,0,26001,100.0,100.0,100.0,0.0,10-20%,10.0,23.0
99.80713596914175,0.05484756320579779,2.0,0.0,0.002290260366441659,24879,24888,24888,0,24888,99.96383799421407,100.0,100.0,0.0,20-30%,23.0,31.0
99.85703764675303,0.037783325806831664,1.0,0.0,0.001429623532469783,23083,23083,23083,0,23083,100.0,100.0,100.0,0.0,30-40%,31.0,36.0
99.87453902596663,0.035400857426353675,1.0,0.0,0.0012546097403338021,26303,26303,26303,0,26303,100.0,100.0,100.0,0.0,40-50%,36.0,41.0
99.96955280685061,0.01744646750310067,1.0,0.0,0.0003044719314938154,26275,26275,26275,0,26275,100.0,100.0,100.0,0.0,50-60%,41.0,46.0
99.9701915194873,0.01726255921281694,1.0,0.0,0.00029808480512705867,26838,26838,26838,0,26838,100.0,100.0,100.0,0.0,60-70%,46.0,52.0
99.9888147347228,0.010575449955257195,1.0,0.0,0.00011185265277208157,26821,26821,26821,0,26821,100.0,100.0,100.0,0.0,70-80%,52.0,62.0
99.99223843526856,0.008809974308390383,1.0,0.0,7.76156473144986e-05,25768,25768,25768,0,25768,100.0,100.0,100.0,0.0,80-90%,62.0,81.0
99.99611167275837,0.006235524076397489,1.0,0.0,3.888327241620655e-05,25718,25718,25718,0,25718,100.0,100.0,100.0,0.0,90-100%,81.0,174.0
99.40804245764441,0.07672314319069004,1.0,0.0,0.005919575423555827,24495,24495,24495,0,24495,100.0,100.0,100.0,0.0,0-10%,0.0,10.0
99.27459450647974,0.08486818885983735,1.0,0.0,0.007254054935202543,24538,24538,24538,0,24538,100.0,100.0,100.0,0.0,10-20%,10.0,23.0
99.73973395026027,0.05883749849409377,2.0,0.0,0.002891844997108155,27656,27664,27664,0,27664,99.97108155002891,100.0,100.0,0.0,20-30%,23.0,32.0
99.84680031515364,0.03911073809224166,1.0,0.0,0.001531996848463626,22846,22846,22846,0,22846,100.0,100.0,100.0,0.0,30-40%,32.0,37.0
99.88649706457926,0.033671071598220984,1.0,0.0,0.0011350293542074365,25550,25550,25550,0,25550,100.0,100.0,100.0,0.0,40-50%,37.0,42.0
99.94433620929584,0.023586607667952467,1.0,0.0,0.0005566379070414695,25151,25151,25151,0,25151,100.0,100.0,100.0,0.0,50-60%,42.0,47.0
99.98572091528933,0.011948659250337794,1.0,0.0,0.00014279084710670047,28013,28013,28013,0,28013,100.0,100.0,100.0,0.0,60-70%,47.0,54.0
99.99263107475774,0.008583928140228783,1.0,0.0,7.368925242253417e-05,27141,27141,27141,0,27141,100.0,100.0,100.0,0.0,70-80%,54.0,67.0
100.0,0.0,0.0,0.0,0.0,24961,24961,24961,0,24961,100.0,100.0,100.0,0.0,80-90%,67.0,85.0
99.99624638714762,0.006126558541527169,1.0,0.0,3.7536128523704064e-05,26641,26641,26641,0,26641,100.0,100.0,100.0,0.0,90-100%,85.0,173.0
99.45194598888007,0.07382752732747387,1.0,0.0,0.005480540111199365,25180,25180,25180,0,25180,100.0,100.0,100.0,0.0,0-10%,0.0,10.0
99.34630102040816,0.0805997310100999,1.0,0.0,0.006536989795918368,25088,25088,25088,0,25088,100.0,100.0,100.0,0.0,10-20%,10.0,23.0
99.69509648316766,0.06550280482378973,2.0,0.0,0.003466711218778715,23932,23942,23942,0,23942,99.95823239495448,100.0,100.0,0.0,20-30%,23.0,31.0
99.86824287230537,0.03627702872479942,1.0,0.0,0.0013175712769461626,27323,27323,27323,0,27323,100.0,100.0,100.0,0.0,30-40%,31.0,37.0
99.92562145233902,0.027262286400349636,1.0,0.0,0.0007437854766099041,25545,25545,25545,0,25545,100.0,100.0,100.0,0.0,40-50%,37.0,42.0
99.94854134505007,0.022680320973385456,1.0,0.0,0.0005145865494992677,25263,25263,25263,0,25263,100.0,100.0,100.0,0.0,50-60%,42.0,47.0
99.97815799053514,0.014778325053519668,1.0,0.0,0.0002184200946487077,27470,27470,27470,0,27470,100.0,100.0,100.0,0.0,60-70%,47.0,54.0
100.0,0.0,0.0,0.0,0.0,24990,24990,24990,0,24990,100.0,100.0,100.0,0.0,70-80%,54.0,67.0
99.99619887486696,0.006165209361827553,1.0,0.0,3.80112513303938e-05,26308,26308,26308,0,26308,100.0,100.0,100.0,0.0,80-90%,67.0,93.0
100.0,0.0,0.0,0.0,0.0,25891,25891,25891,0,25891,100.0,100.0,100.0,0.0,90-100%,93.0,174.0
99.37734962406014,0.07867439566220434,1.0,0.0,0.006226503759398496,25536,25536,25536,0,25536,100.0,100.0,100.0,0.0,0-10%,0.0,12.0
99.2740896850486,0.09707393635656503,2.0,0.0,0.008000624438980603,25604,25623,25623,0,25623,99.92584787105335,100.0,100.0,0.0,10-20%,12.0,26.0
99.7177486302507,0.05305230545339578,1.0,0.0,0.0028225136974929436,24092,24092,24092,0,24092,100.0,100.0,100.0,0.0,20-30%,26.0,33.0
99.82436714902066,0.041871754440901174,1.0,0.0,0.0017563285097934405,26191,26191,26191,0,26191,100.0,100.0,100.0,0.0,30-40%,33.0,39.0
99.91571849978929,0.029021365044283116,1.0,0.0,0.0008428150021070375,23730,23730,23730,0,23730,100.0,100.0,100.0,0.0,40-50%,39.0,44.0
99.91460621821993,0.029209734815709158,1.0,0.0,0.0008539378178007219,25763,25763,25763,0,25763,100.0,100.0,100.0,0.0,50-60%,44.0,50.0
99.99294582392777,0.008398618016218018,1.0,0.0,7.054176072234762e-05,28352,28352,28352,0,28352,100.0,100.0,100.0,0.0,60-70%,50.0,61.0
99.9922815683853,0.008785121440725784,1.0,0.0,7.718431614695894e-05,25912,25912,25912,0,25912,100.0,100.0,100.0,0.0,70-80%,61.0,80.0
99.99615177403217,0.006203287740704792,1.0,0.0,3.848225967828831e-05,25986,25986,25986,0,25986,100.0,100.0,100.0,0.0,80-90%,80.0,98.0
100.0,0.0,0.0,0.0,0.0,25815,25815,25815,0,25815,100.0,100.0,100.0,0.0,90-100%,98.0,183.0
99.27512886597938,0.08483022765566854,1.0,0.0,0.007248711340206186,24832,24832,24832,0,24832,100.0,100.0,100.0,0.0,0-10%,0.0,12.0
99.36172775079282,0.08544712099327506,2.0,0.0,0.0067038657621131224,24903,24911,24911,0,24911,99.96788567299586,100.0,100.0,0.0,10-20%,12.0,26.0
99.71787097860873,0.053040838374234164,1.0,0.0,0.0028212902139127505,23748,23748,23748,0,23748,100.0,100.0,100.0,0.0,20-30%,26.0,33.0
99.83522450660975,0.04055909068976224,1.0,0.0,0.0016477549339025577,26703,26703,26703,0,26703,100.0,100.0,100.0,0.0,30-40%,33.0,39.0
99.91997759372624,0.028276911150035156,1.0,0.0,0.0008002240627375665,24993,24993,24993,0,24993,100.0,100.0,100.0,0.0,40-50%,39.0,44.0
99.96501049685095,0.01870220855828239,1.0,0.0,0.0003498950314905528,28580,28580,28580,0,28580,100.0,100.0,100.0,0.0,50-60%,44.0,50.0
99.99596008564619,0.0063559036688230555,1.0,0.0,4.039914353815699e-05,24753,24753,24753,0,24753,100.0,100.0,100.0,0.0,60-70%,50.0,57.0
100.0,0.0,0.0,0.0,0.0,26543,26543,26543,0,26543,100.0,100.0,100.0,0.0,70-80%,57.0,70.0
100.0,0.0,0.0,0.0,0.0,25134,25134,25134,0,25134,100.0,100.0,100.0,0.0,80-90%,70.0,87.0
99.99626907435734,0.00610801640845081,1.0,0.0,3.730925642651942e-05,26803,26803,26803,0,26803,100.0,100.0,100.0,0.0,90-100%,87.0,168.0
99.33119524405507,0.08150654930305819,1.0,0.0,0.0066880475594493114,25568,25568,25568,0,25568,100.0,100.0,100.0,0.0,0-10%,0.0,11.0
99.24355741698363,0.08664413016485095,1.0,0.0,0.007564425830163682,23399,23399,23399,0,23399,100.0,100.0,100.0,0.0,10-20%,11.0,23.0
99.75440624097082,0.061219209141608104,2.0,0.0,0.002889338341519792,27676,27688,27688,0,27688,99.9566599248772,100.0,100.0,0.0,20-30%,23.0,32.0
99.89471837164416,0.03243004565879601,1.0,0.0,0.001052816283558519,22796,22796,22796,0,22796,100.0,100.0,100.0,0.0,30-40%,32.0,37.0
99.89900559353636,0.03176356525364755,1.0,0.0,0.0010099440646364202,25744,25744,25744,0,25744,100.0,100.0,100.0,0.0,40-50%,37.0,42.0
99.968648352079,0.017703620720835676,1.0,0.0,0.00031351647920993845,25517,25517,25517,0,25517,100.0,100.0,100.0,0.0,50-60%,42.0,47.0
99.9895499512331,0.01022201385818956,1.0,0.0,0.00010450048766894245,28708,28708,28708,0,28708,100.0,100.0,100.0,0.0,60-70%,47.0,54.0
99.99204866218741,0.008916672908017243,1.0,0.0,7.951337812586968e-05,25153,25153,25153,0,25153,100.0,100.0,100.0,0.0,70-80%,54.0,65.0
99.99611484517658,0.006232979928685551,1.0,0.0,3.885154823419713e-05,25739,25739,25739,0,25739,100.0,100.0,100.0,0.0,80-90%,65.0,83.0
100.0,0.0,0.0,0.0,0.0,26688,26688,26688,0,26688,100.0,100.0,100.0,0.0,90-100%,83.0,171.0
99.3576276664512,0.07989675011368645,1.0,0.0,0.006423723335488041,24752,24752,24752,0,24752,100.0,100.0,100.0,0.0,0-10%,0.0,11.0
99.38174923749072,0.07838548478231418,1.0,0.0,0.006182507625092737,24262,24262,24262,0,24262,100.0,100.0,100.0,0.0,10-20%,11.0,24.0
99.77166427282437,0.05215114451354392,2.0,0.0,0.0024306706441277206,27149,27153,27153,0,27153,99.98526866276286,100.0,100.0,0.0,20-30%,24.0,33.0
99.89623748082649,0.032195473683369946,1.0,0.0,0.0010376251917350897,22166,22166,22166,0,22166,100.0,100.0,100.0,0.0,30-40%,33.0,38.0
99.93657086223983,0.025177153374634827,1.0,0.0,0.0006342913776015857,25225,25225,25225,0,25225,100.0,100.0,100.0,0.0,40-50%,38.0,43.0
99.96644182690694,0.018316922701910442,1.0,0.0,0.00033558173093056813,29799,29799,29799,0,29799,100.0,100.0,100.0,0.0,50-60%,43.0,49.0
100.0,0.0,0.0,0.0,0.0,24478,24478,24478,0,24478,100.0,100.0,100.0,0.0,60-70%,49.0,55.0
100.0,0.0,0.0,0.0,0.0,26861,26861,26861,0,26861,100.0,100.0,100.0,0.0,70-80%,55.0,66.0
99.99613182732477,0.006219343251204076,1.0,0.0,3.868172675228222e-05,25852,25852,25852,0,25852,100.0,100.0,100.0,0.0,80-90%,66.0,85.0
99.99621956751852,0.0061484059436397115,1.0,0.0,3.780432481475881e-05,26452,26452,26452,0,26452,100.0,100.0,100.0,0.0,90-100%,85.0,179.0
99.5447527809667,0.06731825300235568,1.0,0.0,0.004552472190332924,25261,25261,25261,0,25261,100.0,100.0,100.0,0.0,0-10%,0.0,10.0
99.32346723044397,0.0819854550174413,1.0,0.0,0.006765327695560253,26015,26015,26015,0,26015,100.0,100.0,100.0,0.0,10-20%,10.0,23.0
99.76067966973794,0.05571565410841946,2.0,0.0,0.0026325236328826134,25065,25071,25071,0,25071,99.97606796697379,100.0,100.0,0.0,20-30%,23.0,31.0
99.74454450987183,0.0504780066022614,1.0,0.0,0.002554554901281607,23096,23096,23096,0,23096,100.0,100.0,100.0,0.0,30-40%,31.0,36.0
99.89647239263803,0.03215904658212091,1.0,0.0,0.001035276073619632,26080,26080,26080,0,26080,100.0,100.0,100.0,0.0,40-50%,36.0,41.0
99.93847337050568,0.02479693009889706,1.0,0.0,0.0006152662949432801,26005,26005,26005,0,26005,100.0,100.0,100.0,0.0,50-60%,41.0,46.0
99.94593759654,0.023245037325269047,1.0,0.0,0.0005406240345999382,25896,25896,25896,0,25896,100.0,100.0,100.0,0.0,60-70%,46.0,52.0
99.99253787030818,0.00863836193488907,1.0,0.0,7.462129691814044e-05,26802,26802,26802,0,26802,100.0,100.0,100.0,0.0,70-80%,52.0,63.0
100.0,0.0,0.0,0.0,0.0,26495,26495,26495,0,26495,100.0,100.0,100.0,0.0,80-90%,63.0,83.0
100.0,0.0,0.0,0.0,0.0,26279,26279,26279,0,26279,100.0,100.0,100.0,0.0,90-100%,83.0,162.0
99.37867887508175,0.07858509061023083,1.0,0.0,0.006213211249182472,24464,24464,24464,0,24464,100.0,100.0,100.0,0.0,0-10%,0.0,11.0
99.3091746454975,0.08283501312685088,1.0,0.0,0.006908253545024845,24753,24753,24753,0,24753,100.0,100.0,100.0,0.0,10-20%,11.0,24.0
99.71822739415231,0.065073158416631,2.0,0.0,0.003293446042375672,27314,27327,27327,0,27327,99.95242800161013,100.0,100.0,0.0,20-30%,24.0,33.0
99.82451522330437,0.04185413093436567,1.0,0.0,0.0017548477669562166,22794,22794,22794,0,22794,100.0,100.0,100.0,0.0,30-40%,33.0,38.0
99.89341123524535,0.03263301412352532,1.0,0.0,0.0010658876475464845,25331,25331,25331,0,25331,100.0,100.0,100.0,0.0,40-50%,38.0,43.0
99.93490921548475,0.02550459104023369,1.0,0.0,0.0006509078451524495,29190,29190,29190,0,29190,100.0,100.0,100.0,0.0,50-60%,43.0,49.0
99.97642899233942,0.015351042875503977,1.0,0.0,0.0002357100766057749,25455,25455,25455,0,25455,100.0,100.0,100.0,0.0,60-70%,49.0,56.0
100.0,0.0,0.0,0.0,0.0,25062,25062,25062,0,25062,100.0,100.0,100.0,0.0,70-80%,56.0,69.0
100.0,0.0,0.0,0.0,0.0,26890,26890,26890,0,26890,100.0,100.0,100.0,0.0,80-90%,69.0,89.0
100.0,0.0,0.0,0.0,0.0,25734,25734,25734,0,25734,100.0,100.0,100.0,0.0,90-100%,89.0,171.0
99.29577464788733,0.08362212737350645,1.0,0.0,0.007042253521126761,24850,24850,24850,0,24850,100.0,100.0,100.0,0.0,0-10%,0.0,11.0
99.23067911118054,0.087379740559854,1.0,0.0,0.007693208888194634,25607,25607,25607,0,25607,100.0,100.0,100.0,0.0,10-20%,11.0,24.0
99.59717607973421,0.07585124648375363,2.0,0.0,0.004609634551495017,24066,24080,24080,0,24080,99.94186046511628,100.0,100.0,0.0,20-30%,24.0,32.0
99.83504398826979,0.04058417874979885,1.0,0.0,0.0016495601173020528,27280,27280,27280,0,27280,100.0,100.0,100.0,0.0,30-40%,32.0,38.0
99.87434226026859,0.03542595673455588,1.0,0.0,0.0012565773973140658,25466,25466,25466,0,25466,100.0,100.0,100.0,0.0,40-50%,38.0,43.0
99.93133532595525,0.02619494715973607,1.0,0.0,0.0006866467404475321,24758,24758,24758,0,24758,100.0,100.0,100.0,0.0,50-60%,43.0,48.0
99.98872265243214,0.010618886844754667,1.0,0.0,0.00011277347567852042,26602,26602,26602,0,26602,100.0,100.0,100.0,0.0,60-70%,48.0,55.0
100.0,0.0,0.0,0.0,0.0,25811,25811,25811,0,25811,100.0,100.0,100.0,0.0,70-80%,55.0,69.0
100.0,0.0,0.0,0.0,0.0,26414,26414,26414,0,26414,100.0,100.0,100.0,0.0,80-90%,69.0,91.0
100.0,0.0,0.0,0.0,0.0,26132,26132,26132,0,26132,100.0,100.0,100.0,0.0,90-100%,91.0,182.0
99.47527117515762,0.0722478665045675,1.0,0.0,0.005247288248423855,25537,25537,25537,0,25537,100.0,100.0,100.0,0.0,0-10%,0.0,11.0
99.37625044133223,0.07873111986682158,1.0,0.0,0.006237495586677651,25491,25491,25491,0,25491,100.0,100.0,100.0,0.0,10-20%,11.0,24.0
99.72291028170788,0.06036274543660476,2.0,0.0,0.0030647802174734455,23812,23819,23819,0,23819,99.97061169654478,100.0,100.0,0.0,20-30%,24.0,32.0
99.89493039138429,0.032397409215732254,1.0,0.0,0.0010506960861570791,26649,26649,26649,0,26649,100.0,100.0,100.0,0.0,30-40%,32.0,38.0
99.91408934707904,0.029300210824280172,1.0,0.0,0.000859106529209622,24444,24444,24444,0,24444,100.0,100.0,100.0,0.0,40-50%,38.0,43.0
99.93736167369607,0.02501981029198655,1.0,0.0,0.0006263832630392116,23947,23947,23947,0,23947,100.0,100.0,100.0,0.0,50-60%,43.0,48.0
99.98321922405692,0.012952976491396519,1.0,0.0,0.00016780775943079607,29796,29796,29796,0,29796,100.0,100.0,100.0,0.0,60-70%,48.0,56.0
99.9959779592165,0.006341828612768484,1.0,0.0,4.0220407834935444e-05,24863,24863,24863,0,24863,100.0,100.0,100.0,0.0,70-80%,56.0,67.0
99.98874549819928,0.010608126678453863,1.0,0.0,0.00011254501800720288,26656,26656,26656,0,26656,100.0,100.0,100.0,0.0,80-90%,67.0,85.0
100.0,0.0,0.0,0.0,0.0,25798,25798,25798,0,25798,100.0,100.0,100.0,0.0,90-100%,85.0,170.0
99.28386711756515,0.08432779803148209,1.0,0.0,0.007161328824348518,25135,25135,25135,0,25135,100.0,100.0,100.0,0.0,0-10%,0.0,13.0
99.30764717387052,0.0909908633001365,2.0,0.0,0.007392920007823196,25553,25565,25565,0,25565,99.95306082534715,100.0,100.0,0.0,10-20%,13.0,27.0
99.70698691758491,0.05405131966478007,1.0,0.0,0.002930130824150881,24231,24231,24231,0,24231,100.0,100.0,100.0,0.0,20-30%,27.0,34.0
99.83892114628208,0.04010229292032738,1.0,0.0,0.001610788537179247,26695,26695,26695,0,26695,100.0,100.0,100.0,0.0,30-40%,34.0,40.0
99.88127405223942,0.03443617128164315,1.0,0.0,0.0011872594776058299,24426,24426,24426,0,24426,100.0,100.0,100.0,0.0,40-50%,40.0,45.0
99.9442399910784,0.023608611889670804,1.0,0.0,0.0005576000892160142,26901,26901,26901,0,26901,100.0,100.0,100.0,0.0,50-60%,45.0,51.0
99.921221442773,0.02805646032845325,1.0,0.0,0.0007877855722699478,26657,26657,26657,0,26657,100.0,100.0,100.0,0.0,60-70%,51.0,60.0
99.96916554249373,0.017557035589348846,1.0,0.0,0.0003083445750626325,25945,25945,25945,0,25945,100.0,100.0,100.0,0.0,70-80%,60.0,78.0
99.99602906722788,0.006301408643341074,1.0,0.0,3.970932772108168e-05,25183,25183,25183,0,25183,100.0,100.0,100.0,0.0,80-90%,78.0,95.0
100.0,0.0,0.0,0.0,0.0,26262,26262,26262,0,26262,100.0,100.0,100.0,0.0,90-100%,95.0,185.0
99.46680564464401,0.07283105470168832,1.0,0.0,0.005331943553559974,24944,24944,24944,0,24944,100.0,100.0,100.0,0.0,0-10%,0.0,10.0
99.27063808980523,0.08509067059521498,1.0,0.0,0.0072936191019476815,24542,24542,24542,0,24542,100.0,100.0,100.0,0.0,10-20%,10.0,23.0
99.5915445511201,0.07881738781752765,2.0,0.0,0.004800404244567963,23731,23748,23748,0,23748,99.92841502442312,100.0,100.0,0.0,20-30%,23.0,31.0
99.86045634546483,0.037332212972691216,1.0,0.0,0.0013954365453516878,26515,26515,26515,0,26515,100.0,100.0,100.0,0.0,30-40%,31.0,37.0
99.92452530388496,0.02746435746888,1.0,0.0,0.0007547469611503933,25174,25174,25174,0,25174,100.0,100.0,100.0,0.0,40-50%,37.0,42.0
99.95587822389795,0.021000549704895264,1.0,0.0,0.0004412177610204163,24931,24931,24931,0,24931,100.0,100.0,100.0,0.0,50-60%,42.0,47.0
99.9856538268417,0.01197669196041509,1.0,0.0,0.0001434617315831002,27882,27882,27882,0,27882,100.0,100.0,100.0,0.0,60-70%,47.0,54.0
100.0,0.0,0.0,0.0,0.0,27150,27150,27150,0,27150,100.0,100.0,100.0,0.0,70-80%,54.0,66.0
100.0,0.0,0.0,0.0,0.0,26307,26307,26307,0,26307,100.0,100.0,100.0,0.0,80-90%,66.0,85.0
100.0,0.0,0.0,0.0,0.0,25807,25807,25807,0,25807,100.0,100.0,100.0,0.0,90-100%,85.0,169.0
99.30453443548066,0.08310408178934486,1.0,0.0,0.006954655645193339,25163,25163,25163,0,25163,100.0,100.0,100.0,0.0,0-10%,0.0,12.0
99.34947169216211,0.08673983164422908,2.0,0.0,0.006860116700835831,25355,25364,25364,0,25364,99.9645166377543,100.0,100.0,0.0,10-20%,12.0,26.0
99.68653365527173,0.05703684139552151,2.0,0.0,0.003177023764137756,23606,23607,23607,0,23607,99.99576396831449,100.0,100.0,0.0,20-30%,26.0,33.0
99.87171512983983,0.03579389613901253,1.0,0.0,0.0012828487016016171,25724,25724,25724,0,25724,100.0,100.0,100.0,0.0,30-40%,33.0,39.0
99.92875209290727,0.02668279304159859,1.0,0.0,0.0007124790709272915,28071,28071,28071,0,28071,100.0,100.0,100.0,0.0,40-50%,39.0,45.0
99.95211492418197,0.0218774189549809,1.0,0.0,0.00047885075818036713,25060,25060,25060,0,25060,100.0,100.0,100.0,0.0,50-60%,45.0,51.0
99.96918810660915,0.017551795682776525,1.0,0.0,0.0003081189339084887,25964,25964,25964,0,25964,100.0,100.0,100.0,0.0,60-70%,51.0,61.0
99.98455061604419,0.016442347559940267,2.0,0.0,0.00019311729944768453,25890,25891,25891,0,25891,99.99613765401104,100.0,100.0,0.0,70-80%,61.0,80.0
99.99612688330299,0.006223316388129879,1.0,0.0,3.873116697006081e-05,25819,25819,25819,0,25819,100.0,100.0,100.0,0.0,80-90%,80.0,98.0
99.99240612066674,0.008713955854389048,1.0,0.0,7.593879333257394e-05,26337,26337,26337,0,26337,100.0,100.0,100.0,0.0,90-100%,98.0,180.0
99.20232052211747,0.08896316356367333,1.0,0.0,0.007976794778825236,24822,24822,24822,0,24822,100.0,100.0,100.0,0.0,0-10%,0.0,14.0
99.43190975020146,0.08278038713071899,2.0,0.0,0.0060838033843674455,24810,24820,24820,0,24820,99.9597099113618,100.0,100.0,0.0,10-20%,14.0,28.0
99.73874748077928,0.051046056697136674,1.0,0.0,0.0026125251922072107,26794,26794,26794,0,26794,100.0,100.0,100.0,0.0,20-30%,28.0,36.0
99.88915220548887,0.033275354569958115,1.0,0.0,0.00110847794511123,26162,26162,26162,0,26162,100.0,100.0,100.0,0.0,30-40%,36.0,42.0
99.93194964273563,0.026077585922231673,1.0,0.0,0.0006805035726437564,23512,23512,23512,0,23512,100.0,100.0,100.0,0.0,40-50%,42.0,47.0
99.96077508433356,0.019801396346303693,1.0,0.0,0.00039224915666431315,25494,25494,25494,0,25494,100.0,100.0,100.0,0.0,50-60%,47.0,53.0
99.9925592469958,0.008625979946767802,1.0,0.0,7.440753004204026e-05,26879,26879,26879,0,26879,100.0,100.0,100.0,0.0,60-70%,53.0,63.0
99.99611936823315,0.006229350827993671,1.0,0.0,3.880631766851643e-05,25769,25769,25769,0,25769,100.0,100.0,100.0,0.0,70-80%,63.0,81.0
100.0,0.0,0.0,0.0,0.0,26524,26524,26524,0,26524,100.0,100.0,100.0,0.0,80-90%,81.0,98.0
100.0,0.0,0.0,0.0,0.0,26224,26224,26224,0,26224,100.0,100.0,100.0,0.0,90-100%,98.0,174.0
99.26251372979759,0.08555976918009105,1.0,0.0,0.007374862702024165,25492,25492,25492,0,25492,100.0,100.0,100.0,0.0,0-10%,0.0,11.0
99.32152762961383,0.08208953178161026,1.0,0.0,0.006784723703861745,23435,23435,23435,0,23435,100.0,100.0,100.0,0.0,10-20%,11.0,23.0
99.79008787846443,0.05808235493830623,2.0,0.0,0.0025260611235635253,28095,28107,28107,0,28107,99.9573060091792,100.0,100.0,0.0,20-30%,23.0,32.0
99.87074536837571,0.035928757844703806,1.0,0.0,0.0012925463162429987,23210,23210,23210,0,23210,100.0,100.0,100.0,0.0,30-40%,32.0,37.0
99.92046960802878,0.028189916838959744,1.0,0.0,0.0007953039197121757,26405,26405,26405,0,26405,100.0,100.0,100.0,0.0,40-50%,37.0,42.0
99.92488827130357,0.027398180659480846,1.0,0.0,0.0007511172869643594,26627,26627,26627,0,26627,100.0,100.0,100.0,0.0,50-60%,42.0,47.0
99.97372569626904,0.016207220718119957,1.0,0.0,0.0002627430373095113,22836,22836,22836,0,22836,100.0,100.0,100.0,0.0,60-70%,47.0,52.0
99.9898160092335,0.010091062198716106,1.0,0.0,0.00010183990766515038,29458,29458,29458,0,29458,100.0,100.0,100.0,0.0,70-80%,52.0,63.0
100.0,0.0,0.0,0.0,0.0,25621,25621,25621,0,25621,100.0,100.0,100.0,0.0,80-90%,63.0,84.0
100.0,0.0,0.0,0.0,0.0,25809,25809,25809,0,25809,100.0,100.0,100.0,0.0,90-100%,84.0,173.0
99.41768340991919,0.07609318671080142,1.0,0.0,0.005823165900808113,25244,25244,25244,0,25244,100.0,100.0,100.0,0.0,0-10%,0.0,11.0
99.37743803932385,0.07865660345624774,1.0,0.0,0.006225619606761496,25379,25379,25379,0,25379,100.0,100.0,100.0,0.0,10-20%,11.0,24.0
99.75219923181761,0.057772428377033835,2.0,0.0,0.002767108578036592,24206,24213,24213,0,24213,99.97108991037872,100.0,100.0,0.0,20-30%,24.0,32.0
99.84980034436019,0.03872648399664895,1.0,0.0,0.001501996556398139,27297,27297,27297,0,27297,100.0,100.0,100.0,0.0,30-40%,32.0,38.0
99.92202425045811,0.027913249070419276,1.0,0.0,0.0007797574954189247,25649,25649,25649,0,25649,100.0,100.0,100.0,0.0,40-50%,38.0,43.0
99.9512413148592,0.02207598492639097,1.0,0.0,0.00048758685140790704,24611,24611,24611,0,24611,100.0,100.0,100.0,0.0,50-60%,43.0,48.0
99.97016706443914,0.01726963680000752,1.0,0.0,0.0002983293556085919,26816,26816,26816,0,26816,100.0,100.0,100.0,0.0,60-70%,48.0,55.0
99.98828216545583,0.010824260467908277,1.0,0.0,0.00011717834544176236,25602,25602,25602,0,25602,100.0,100.0,100.0,0.0,70-80%,55.0,67.0
100.0,0.0,0.0,0.0,0.0,26129,26129,26129,0,26129,100.0,100.0,100.0,0.0,80-90%,67.0,86.0
100.0,0.0,0.0,0.0,0.0,26060,26060,26060,0,26060,100.0,100.0,100.0,0.0,90-100%,86.0,170.0
99.40605820629578,0.07683841000184291,1.0,0.0,0.00593941793704217,25255,25255,25255,0,25255,100.0,100.0,100.0,0.0,0-10%,0.0,11.0
99.38623410784744,0.07812084403663098,1.0,0.0,0.006137658921525646,25091,25091,25091,0,25091,100.0,100.0,100.0,0.0,10-20%,11.0,24.0
99.72367594724723,0.0633177256118816,2.0,0.0,0.0031819133347289093,23875,23885,23885,0,23885,99.95813271927987,100.0,100.0,0.0,20-30%,24.0,32.0
99.86476043276662,0.036750057119401894,1.0,0.0,0.0013523956723338485,25880,25880,25880,0,25880,100.0,100.0,100.0,0.0,30-40%,32.0,38.0
99.9285233770602,0.026725555908815573,1.0,0.0,0.0007147662293979145,23784,23784,23784,0,23784,100.0,100.0,100.0,0.0,40-50%,38.0,43.0
99.97347919774573,0.016283993949247223,1.0,0.0,0.0002652080225426819,30165,30165,30165,0,30165,100.0,100.0,100.0,0.0,50-60%,43.0,50.0
99.98449912807595,0.012450008526691743,1.0,0.0,0.00015500871924045728,25805,25805,25805,0,25805,100.0,100.0,100.0,0.0,60-70%,50.0,60.0
99.99209392418074,0.008891260180041131,1.0,0.0,7.906075819267107e-05,25297,25297,25297,0,25297,100.0,100.0,100.0,0.0,70-80%,60.0,77.0
100.0,0.0,0.0,0.0,0.0,25674,25674,25674,0,25674,100.0,100.0,100.0,0.0,80-90%,77.0,93.0
99.99617795444121,0.006182151307158801,1.0,0.0,3.822045558783061e-05,26164,26164,26164,0,26164,100.0,100.0,100.0,0.0,90-100%,93.0,182.0
99.41274502023649,0.07640721796080135,1.0,0.0,0.0058725497976351085,25202,25202,25202,0,25202,100.0,100.0,100.0,0.0,0-10%,0.0,10.0
99.31224759086729,0.08264516775771186,1.0,0.0,0.006877524091327122,25009,25009,25009,0,25009,100.0,100.0,100.0,0.0,10-20%,10.0,23.0
99.71370482552592,0.06302985842488079,2.0,0.0,0.003236380233185345,24092,24101,24101,0,24101,99.96265715115555,100.0,100.0,0.0,20-30%,23.0,31.0
99.86966074554053,0.03608160635982402,1.0,0.0,0.001303392544594645,26853,26853,26853,0,26853,100.0,100.0,100.0,0.0,30-40%,31.0,37.0
99.90899378783682,0.030155790209190837,1.0,0.0,0.0009100621216317809,25273,25273,25273,0,25273,100.0,100.0,100.0,0.0,40-50%,37.0,42.0
99.97996794871796,0.014152045241330184,1.0,0.0,0.00020032051282051281,24960,24960,24960,0,24960,100.0,100.0,100.0,0.0,50-60%,42.0,47.0
99.9722211198857,0.016664682250942024,1.0,0.0,0.0002777888011429025,25199,25199,25199,0,25199,100.0,100.0,100.0,0.0,60-70%,47.0,53.0
100.0,0.0,0.0,0.0,0.0,27875,27875,27875,0,27875,100.0,100.0,100.0,0.0,70-80%,53.0,64.0
100.0,0.0,0.0,0.0,0.0,26243,26243,26243,0,26243,100.0,100.0,100.0,0.0,80-90%,64.0,82.0
99.99619554879209,0.0061679060218386315,1.0,0.0,3.804451207913259e-05,26285,26285,26285,0,26285,100.0,100.0,100.0,0.0,90-100%,82.0,167.0
99.12828881901046,0.09295764504111051,1.0,0.0,0.008717111809895315,25123,25123,25123,0,25123,100.0,100.0,100.0,0.0,0-10%,0.0,15.0
99.38397535901437,0.08484581718327297,2.0,0.0,0.006520260810432417,24990,24999,24999,0,24999,99.9639985599424,100.0,100.0,0.0,10-20%,15.0,29.0
99.64077233947015,0.05982785433299134,1.0,0.0,0.003592276605298608,26724,26724,26724,0,26724,100.0,100.0,100.0,0.0,20-30%,29.0,37.0
99.81550539744848,0.04291649710104195,1.0,0.0,0.001844946025515211,25475,25475,25475,0,25475,100.0,100.0,100.0,0.0,30-40%,37.0,43.0
99.85294772960206,0.03832250562918906,1.0,0.0,0.0014705227039793236,22441,22441,22441,0,22441,100.0,100.0,100.0,0.0,40-50%,43.0,48.0
99.93696232571936,0.025099389792750306,1.0,0.0,0.0006303767428062889,26968,26968,26968,0,26968,100.0,100.0,100.0,0.0,50-60%,48.0,55.0
99.95932855135695,0.020163062013420815,1.0,0.0,0.00040671448643052576,27046,27046,27046,0,27046,100.0,100.0,100.0,0.0,60-70%,55.0,67.0
99.9884339578996,0.0107539315448326,1.0,0.0,0.00011566042100393245,25938,25938,25938,0,25938,100.0,100.0,100.0,0.0,70-80%,67.0,86.0
99.98829222603808,0.010819613321278763,1.0,0.0,0.0001170777396191071,25624,25624,25624,0,25624,100.0,100.0,100.0,0.0,80-90%,86.0,103.0
99.99624934363513,0.006124145402121161,1.0,0.0,3.7506563648638515e-05,26662,26662,26662,0,26662,100.0,100.0,100.0,0.0,90-100%,103.0,181.0
99.42097957564941,0.07587277363009959,1.0,0.0,0.005790204243505849,25215,25215,25215,0,25215,100.0,100.0,100.0,0.0,0-10%,0.0,11.0
99.34505616639542,0.08066955295186835,1.0,0.0,0.006549438336045727,25193,25193,25193,0,25193,100.0,100.0,100.0,0.0,10-20%,11.0,24.0
99.79516762812473,0.06262810693584889,2.0,0.0,0.002675361591840147,23907,23922,23922,0,23922,99.93729621269125,100.0,100.0,0.0,20-30%,24.0,32.0
99.86958884260098,0.036088929978496234,1.0,0.0,0.0013041115739902192,27605,27605,27605,0,27605,100.0,100.0,100.0,0.0,30-40%,32.0,38.0
99.90357914224005,0.031039034795866463,1.0,0.0,0.0009642085775995063,25928,25928,25928,0,25928,100.0,100.0,100.0,0.0,40-50%,38.0,43.0
99.95708154506437,0.020713793528346864,1.0,0.0,0.00042918454935622315,25630,25630,25630,0,25630,100.0,100.0,100.0,0.0,50-60%,43.0,48.0
99.9692319526172,0.017538124373887732,1.0,0.0,0.0003076804738279297,26001,26001,26001,0,26001,100.0,100.0,100.0,0.0,60-70%,48.0,54.0
99.99232186732186,0.008762159060938378,1.0,0.0,7.678132678132678e-05,26048,26048,26048,0,26048,100.0,100.0,100.0,0.0,70-80%,54.0,64.0
100.0,0.0,0.0,0.0,0.0,25196,25196,25196,0,25196,100.0,100.0,100.0,0.0,80-90%,64.0,82.0
99.99238443378266,0.008726388857288075,1.0,0.0,7.61556621734826e-05,26262,26262,26262,0,26262,100.0,100.0,100.0,0.0,90-100%,82.0,176.0
99.35585231736056,0.07999990126674762,1.0,0.0,0.006441476826394344,25460,25460,25460,0,25460,100.0,100.0,100.0,0.0,0-10%,0.0,13.0
99.428616463727,0.0791948356658121,2.0,0.0,0.005910864168341411,25372,25377,25377,0,25377,99.98029711943886,100.0,100.0,0.0,10-20%,13.0,27.0
99.71136296107645,0.053647360188658684,1.0,0.0,0.0028863703892355362,23559,23559,23559,0,23559,100.0,100.0,100.0,0.0,20-30%,27.0,34.0
99.83823132919925,0.040190957854178276,1.0,0.0,0.0016176867080075492,25963,25963,25963,0,25963,100.0,100.0,100.0,0.0,30-40%,34.0,40.0
99.89997499374844,0.031610908913349306,1.0,0.0,0.001000250062515629,27993,27993,27993,0,27993,100.0,100.0,100.0,0.0,40-50%,40.0,46.0
99.91882128505905,0.02848031163862992,1.0,0.0,0.0008117871494094248,24637,24637,24637,0,24637,100.0,100.0,100.0,0.0,50-60%,46.0,52.0
99.97225635131386,0.016654114082026657,1.0,0.0,0.00027743648686140063,25231,25231,25231,0,25231,100.0,100.0,100.0,0.0,60-70%,52.0,62.0
99.99624666891866,0.006126328595817095,1.0,0.0,3.753331081334684e-05,26643,26643,26643,0,26643,100.0,100.0,100.0,0.0,70-80%,62.0,80.0
99.9961759082218,0.0061838059004333205,1.0,0.0,3.824091778202677e-05,26150,26150,26150,0,26150,100.0,100.0,100.0,0.0,80-90%,80.0,97.0
100.0,0.0,0.0,0.0,0.0,25987,25987,25987,0,25987,100.0,100.0,100.0,0.0,90-100%,97.0,172.0
99.35264861451014,0.08019730340397357,1.0,0.0,0.006473513854898555,25334,25334,25334,0,25334,100.0,100.0,100.0,0.0,0-10%,0.0,12.0
99.32549082587224,0.08957667653707946,2.0,0.0,0.007186734652908821,24896,24907,24907,0,24907,99.95583570883687,100.0,100.0,0.0,10-20%,12.0,26.0
99.71387696709584,0.05342718888065855,1.0,0.0,0.002861230329041488,23067,23067,23067,0,23067,100.0,100.0,100.0,0.0,20-30%,26.0,33.0
99.84563014566181,0.03926262449244508,1.0,0.0,0.0015436985433818873,25264,25264,25264,0,25264,100.0,100.0,100.0,0.0,30-40%,33.0,39.0
99.88826412918108,0.03341056893592257,1.0,0.0,0.001117358708189158,27744,27744,27744,0,27744,100.0,100.0,100.0,0.0,40-50%,39.0,45.0
99.947321500932,0.02294575098473685,1.0,0.0,0.0005267849906799579,24678,24678,24678,0,24678,100.0,100.0,100.0,0.0,50-60%,45.0,51.0
99.98555852408117,0.012016401439936899,1.0,0.0,0.00014441475918838906,27698,27698,27698,0,27698,100.0,100.0,100.0,0.0,60-70%,51.0,62.0
100.0,0.0,0.0,0.0,0.0,26359,26359,26359,0,26359,100.0,100.0,100.0,0.0,70-80%,62.0,81.0
100.0,0.0,0.0,0.0,0.0,25434,25434,25434,0,25434,100.0,100.0,100.0,0.0,80-90%,81.0,99.0
99.99622854987743,0.00614109752748795,1.0,0.0,3.771450122572129e-05,26515,26515,26515,0,26515,100.0,100.0,100.0,0.0,90-100%,99.0,185.0
99.32281740399822,0.08202523268528258,1.0,0.0,0.006771825960017842,24661,24661,24661,0,24661,100.0,100.0,100.0,0.0,0-10%,0.0,11.0
99.27998111425873,0.08455455706122544,1.0,0.0,0.007200188857412654,25416,25416,25416,0,25416,100.0,100.0,100.0,0.0,10-20%,11.0,24.0
99.67536371287724,0.06924762301437425,2.0,0.0,0.003767384072782654,24938,24951,24951,0,24951,99.94789787984449,100.0,100.0,0.0,20-30%,24.0,32.0
99.8525905050943,0.03836563557584023,1.0,0.0,0.001474094949057013,23065,23065,23065,0,23065,100.0,100.0,100.0,0.0,30-40%,32.0,37.0
99.86583355694407,0.03660415778453391,1.0,0.0,0.0013416644305592825,26087,26087,26087,0,26087,100.0,100.0,100.0,0.0,40-50%,37.0,42.0
99.94723949500658,0.022965202706230533,1.0,0.0,0.0005276050499340494,26535,26535,26535,0,26535,100.0,100.0,100.0,0.0,50-60%,42.0,47.0
99.96280592129733,0.019282179520937234,1.0,0.0,0.00037194078702670533,26886,26886,26886,0,26886,100.0,100.0,100.0,0.0,60-70%,47.0,53.0
99.98900655941955,0.010484384589996542,1.0,0.0,0.00010993440580453663,27289,27289,27289,0,27289,100.0,100.0,100.0,0.0,70-80%,53.0,63.0
99.9961363109497,0.006215737904202892,1.0,0.0,3.8636890503052314e-05,25882,25882,25882,0,25882,100.0,100.0,100.0,0.0,80-90%,63.0,81.0
99.99618728076865,0.006174604329895506,1.0,0.0,3.812719231355803e-05,26228,26228,26228,0,26228,100.0,100.0,100.0,0.0,90-100%,81.0,165.0
99.29509385321839,0.08366899942571107,1.0,0.0,0.007049061467815999,24826,24826,24826,0,24826,100.0,100.0,100.0,0.0,0-10%,0.0,12.0
99.29602960698338,0.09248010014950503,2.0,0.0,0.007562653364978479,24846,24859,24859,0,24859,99.94770505651877,100.0,100.0,0.0,10-20%,12.0,26.0
99.71033683687826,0.05374235905140788,1.0,0.0,0.0028966316312174127,24166,24166,24166,0,24166,100.0,100.0,100.0,0.0,20-30%,26.0,33.0
99.87701211792368,0.03504805584978269,1.0,0.0,0.0012298788207632484,27645,27645,27645,0,27645,100.0,100.0,100.0,0.0,30-40%,33.0,39.0
99.9240727383167,0.027544439038150723,1.0,0.0,0.000759272616833074,26341,26341,26341,0,26341,100.0,100.0,100.0,0.0,40-50%,39.0,44.0
99.96965328882482,0.01741766400708915,1.0,0.0,0.0003034671117517639,26362,26362,26362,0,26362,100.0,100.0,100.0,0.0,50-60%,44.0,49.0
99.97807017543859,0.01480813737762601,1.0,0.0,0.0002192982456140351,22800,22800,22800,0,22800,100.0,100.0,100.0,0.0,60-70%,49.0,54.0
99.98890737659455,0.010531568231984844,1.0,0.0,0.00011092623405435385,27045,27045,27045,0,27045,100.0,100.0,100.0,0.0,70-80%,54.0,63.0
100.0,0.0,0.0,0.0,0.0,26780,26780,26780,0,26780,100.0,100.0,100.0,0.0,80-90%,63.0,81.0
99.99617970660147,0.006180734140954859,1.0,0.0,3.820293398533007e-05,26176,26176,26176,0,26176,100.0,100.0,100.0,0.0,90-100%,81.0,162.0
99.49473019381834,0.07090252678228552,1.0,0.0,0.005052698061816603,25333,25333,25333,0,25333,100.0,100.0,100.0,0.0,0-10%,0.0,10.0
99.41183344369571,0.07647209884312865,1.0,0.0,0.005881665563042885,25673,25673,25673,0,25673,100.0,100.0,100.0,0.0,10-20%,10.0,23.0
99.70286551611854,0.06371602712259686,2.0,0.0,0.003337675024422012,24559,24568,24568,0,24568,99.96336698143928,100.0,100.0,0.0,20-30%,23.0,31.0
99.84202211690362,0.03971502398096852,1.0,0.0,0.001579778830963665,22788,22788,22788,0,22788,100.0,100.0,100.0,0.0,30-40%,31.0,36.0
99.9110492323162,0.029811347720806583,1.0,0.0,0.0008895076768379936,25857,25857,25857,0,25857,100.0,100.0,100.0,0.0,40-50%,36.0,41.0
99.9382000772499,0.024851907461114,1.0,0.0,0.0006179992275009656,25890,25890,25890,0,25890,100.0,100.0,100.0,0.0,50-60%,41.0,46.0
99.97333434916766,0.01632744323616105,1.0,0.0,0.00026665650832349245,26251,26251,26251,0,26251,100.0,100.0,100.0,0.0,60-70%,46.0,52.0
99.99311152441965,0.00829968407853821,1.0,0.0,6.888475580354067e-05,29034,29034,29034,0,29034,100.0,100.0,100.0,0.0,70-80%,52.0,63.0
100.0,0.0,0.0,0.0,0.0,24894,24894,24894,0,24894,100.0,100.0,100.0,0.0,80-90%,63.0,79.0
100.0,0.0,0.0,0.0,0.0,26712,26712,26712,0,26712,100.0,100.0,100.0,0.0,90-100%,79.0,164.0
99.37147987919353,0.07902972512819965,1.0,0.0,0.006285201208064648,24502,24502,24502,0,24502,100.0,100.0,100.0,0.0,0-10%,0.0,10.0
99.25482579571128,0.08600124175506665,1.0,0.0,0.007451742042887154,25229,25229,25229,0,25229,100.0,100.0,100.0,0.0,10-20%,10.0,23.0
99.63750205964739,0.07220938102730652,2.0,0.0,0.0041604877245015656,24263,24276,24276,0,24276,99.94644916790246,100.0,100.0,0.0,20-30%,23.0,31.0
99.80753168464248,0.0438289715637218,1.0,0.0,0.0019246831535751898,27537,27537,27537,0,27537,100.0,100.0,100.0,0.0,30-40%,31.0,37.0
99.90064959877722,0.03150423720716674,1.0,0.0,0.0009935040122277417,26170,26170,26170,0,26170,100.0,100.0,100.0,0.0,40-50%,37.0,42.0
99.96868271677431,0.017693918588993735,1.0,0.0,0.00031317283225680174,25545,25545,25545,0,25545,100.0,100.0,100.0,0.0,50-60%,42.0,47.0
99.96837444655282,0.017780762551385956,1.0,0.0,0.00031625553447185326,25296,25296,25296,0,25296,100.0,100.0,100.0,0.0,60-70%,47.0,53.0
99.99611575063119,0.006232253601128477,1.0,0.0,3.884249368809478e-05,25745,25745,25745,0,25745,100.0,100.0,100.0,0.0,70-80%,53.0,64.0
100.0,0.0,0.0,0.0,0.0,26152,26152,26152,0,26152,100.0,100.0,100.0,0.0,80-90%,64.0,83.0
100.0,0.0,0.0,0.0,0.0,26548,26548,26548,0,26548,100.0,100.0,100.0,0.0,90-100%,83.0,167.0
99.39361875305227,0.07763403021750491,1.0,0.0,0.006063812469477454,24572,24572,24572,0,24572,100.0,100.0,100.0,0.0,0-10%,0.0,11.0
99.36310740682497,0.07955726297879924,1.0,0.0,0.006368925931750275,25436,25436,25436,0,25436,100.0,100.0,100.0,0.0,10-20%,11.0,24.0
99.64480422930778,0.07174035797747272,2.0,0.0,0.0040888815463406575,24199,24212,24212,0,24212,99.94630761605815,100.0,100.0,0.0,20-30%,24.0,32.0
99.84548492579684,0.039280786377704116,1.0,0.0,0.0015451507420316936,27829,27829,27829,0,27829,100.0,100.0,100.0,0.0,30-40%,32.0,38.0
99.88611775424211,0.03372970054902993,1.0,0.0,0.0011388224575788635,26343,26343,26343,0,26343,100.0,100.0,100.0,0.0,40-50%,38.0,43.0
99.91690408357074,0.02881655653760501,1.0,0.0,0.0008309591642924976,25272,25272,25272,0,25272,100.0,100.0,100.0,0.0,50-60%,43.0,48.0
99.97969460688759,0.014248252532333977,1.0,0.0,0.00020305393112410655,24624,24624,24624,0,24624,100.0,100.0,100.0,0.0,60-70%,48.0,54.0
99.98868351565447,0.010637294636020273,1.0,0.0,0.00011316484345529988,26510,26510,26510,0,26510,100.0,100.0,100.0,0.0,70-80%,54.0,68.0
100.0,0.0,0.0,0.0,0.0,26158,26158,26158,0,26158,100.0,100.0,100.0,0.0,80-90%,68.0,98.0
100.0,0.0,0.0,0.0,0.0,26044,26044,26044,0,26044,100.0,100.0,100.0,0.0,90-100%,98.0,172.0
99.38173747622068,0.07839243729210028,1.0,0.0,0.006182625237793279,25232,25232,25232,0,25232,100.0,100.0,100.0,0.0,0-10%,0.0,11.0
99.22583155028205,0.08765243557160277,1.0,0.0,0.007741684497179537,25705,25705,25705,0,25705,100.0,100.0,100.0,0.0,10-20%,11.0,24.0
99.66464910845738,0.07363990433215209,2.0,0.0,0.004048748568624244,24435,24452,24452,0,24452,99.9304760346802,100.0,100.0,0.0,20-30%,24.0,32.0
99.79152805500111,0.04561111043160152,1.0,0.0,0.0020847194499889112,22545,22545,22545,0,22545,100.0,100.0,100.0,0.0,30-40%,32.0,37.0
99.91385308637885,0.029338149347545403,1.0,0.0,0.0008614691362115238,30181,30181,30181,0,30181,100.0,100.0,100.0,0.0,40-50%,37.0,43.0
99.95556991679457,0.021073761620197785,1.0,0.0,0.0004443008320542855,24758,24758,24758,0,24758,100.0,100.0,100.0,0.0,50-60%,43.0,48.0
99.97721230535511,0.015093873543467721,1.0,0.0,0.0002278769464489176,26330,26330,26330,0,26330,100.0,100.0,100.0,0.0,60-70%,48.0,55.0
100.0,0.0,0.0,0.0,0.0,25242,25242,25242,0,25242,100.0,100.0,100.0,0.0,70-80%,55.0,68.0
100.0,0.0,0.0,0.0,0.0,26108,26108,26108,0,26108,100.0,100.0,100.0,0.0,80-90%,68.0,89.0
100.0,0.0,0.0,0.0,0.0,26447,26447,26447,0,26447,100.0,100.0,100.0,0.0,90-100%,89.0,188.0
99.44804802385077,0.07408815467464945,1.0,0.0,0.005519519761492285,24821,24821,24821,0,24821,100.0,100.0,100.0,0.0,0-10%,0.0,10.0
99.27344521224087,0.08495440059254476,1.0,0.0,0.007265547877591313,25325,25325,25325,0,25325,100.0,100.0,100.0,0.0,10-20%,10.0,23.0
99.72783505154639,0.058780116844495335,2.0,0.0,0.0029690721649484535,24244,24250,24250,0,24250,99.97525773195876,100.0,100.0,0.0,20-30%,23.0,31.0
99.82046033968903,0.04233406611875558,1.0,0.0,0.001795396603109627,27849,27849,27849,0,27849,100.0,100.0,100.0,0.0,30-40%,31.0,37.0
99.90960559493791,0.030052070407448037,1.0,0.0,0.0009039440506208668,21019,21019,21019,0,21019,100.0,100.0,100.0,0.0,40-50%,37.0,41.0
99.9428004881025,0.02390957842704161,1.0,0.0,0.0005719951189749848,26224,26224,26224,0,26224,100.0,100.0,100.0,0.0,50-60%,41.0,46.0
99.9733723871655,0.016315796804586877,1.0,0.0,0.00026627612834509385,30044,30044,30044,0,30044,100.0,100.0,100.0,0.0,60-70%,46.0,53.0
99.99592019909429,0.006387201623529273,1.0,0.0,4.079800905715801e-05,24511,24511,24511,0,24511,100.0,100.0,100.0,0.0,70-80%,53.0,63.0
99.99625524266027,0.006119327665396788,1.0,0.0,3.744757339724386e-05,26704,26704,26704,0,26704,100.0,100.0,100.0,0.0,80-90%,63.0,82.0
100.0,0.0,0.0,0.0,0.0,26253,26253,26253,0,26253,100.0,100.0,100.0,0.0,90-100%,82.0,161.0
99.26441664699867,0.08545686894754355,1.0,0.0,0.007355833530013374,25422,25422,25422,0,25422,100.0,100.0,100.0,0.0,0-10%,0.0,15.0
99.31653139683895,0.0885024653551396,2.0,0.0,0.007184187021863229,25742,25751,25751,0,25751,99.96504990097472,100.0,100.0,0.0,10-20%,15.0,29.0
99.69964888531663,0.05472651221549447,1.0,0.0,0.0030035111468336225,23639,23639,23639,0,23639,100.0,100.0,100.0,0.0,20-30%,29.0,36.0
99.80641592920354,0.043962257554346844,1.0,0.0,0.0019358407079646017,25312,25312,25312,0,25312,100.0,100.0,100.0,0.0,30-40%,36.0,42.0
99.86819807945773,0.03628060130147851,1.0,0.0,0.0013180192054227076,26555,26555,26555,0,26555,100.0,100.0,100.0,0.0,40-50%,42.0,48.0
99.93990610328638,0.024506689688612117,1.0,0.0,0.0006009389671361502,26625,26625,26625,0,26625,100.0,100.0,100.0,0.0,50-60%,48.0,55.0
99.93932038834951,0.024625757145270665,1.0,0.0,0.0006067961165048543,26368,26368,26368,0,26368,100.0,100.0,100.0,0.0,60-70%,55.0,67.0
99.9755441428222,0.01563645621241945,1.0,0.0,0.00024455857177794083,24534,24534,24534,0,24534,100.0,100.0,100.0,0.0,70-80%,67.0,84.0
99.99248713421734,0.008667353316399484,1.0,0.0,7.512865782652793e-05,26621,26621,26621,0,26621,100.0,100.0,100.0,0.0,80-90%,84.0,101.0
100.0,0.0,0.0,0.0,0.0,26173,26173,26173,0,26173,100.0,100.0,100.0,0.0,90-100%,101.0,183.0
99.38536700681613,0.07815722973729149,1.0,0.0,0.006146329931838777,25381,25381,25381,0,25381,100.0,100.0,100.0,0.0,0-10%,0.0,12.0
99.28408995199192,0.08431516241424453,1.0,0.0,0.007159100480080856,23746,23746,23746,0,23746,100.0,100.0,100.0,0.0,10-20%,12.0,24.0
99.71747891478665,0.06564954850063293,2.0,0.0,0.003323777473098176,24057,24069,24069,0,24069,99.95014333790353,100.0,100.0,0.0,20-30%,24.0,32.0
99.83327292497282,0.04080107136748305,1.0,0.0,0.0016672707502718377,27590,27590,27590,0,27590,100.0,100.0,100.0,0.0,30-40%,32.0,38.0
99.84800699167839,0.038959532069000116,1.0,0.0,0.001519930083216172,26317,26317,26317,0,26317,100.0,100.0,100.0,0.0,40-50%,38.0,43.0
99.92551648437806,0.027281502466129565,1.0,0.0,0.0007448351562193736,25509,25509,25509,0,25509,100.0,100.0,100.0,0.0,50-60%,43.0,48.0
99.95664341176933,0.02081773049427507,1.0,0.0,0.0004335658823065705,25371,25371,25371,0,25371,100.0,100.0,100.0,0.0,60-70%,48.0,54.0
99.98502881952241,0.01223567753644262,1.0,0.0,0.00014971180477580656,26718,26718,26718,0,26718,100.0,100.0,100.0,0.0,70-80%,54.0,65.0
100.0,0.0,0.0,0.0,0.0,25822,25822,25822,0,25822,100.0,100.0,100.0,0.0,80-90%,65.0,84.0
99.99622313706236,0.00614550265699031,1.0,0.0,3.776862937643993e-05,26477,26477,26477,0,26477,100.0,100.0,100.0,0.0,90-100%,84.0,166.0
99.35998703771216,0.07974439142465627,1.0,0.0,0.006400129622878438,24687,24687,24687,0,24687,100.0,100.0,100.0,0.0,0-10%,0.0,12.0
99.2224831942982,0.10066756917024972,2.0,0.0,0.008585081396290597,24674,24694,24694,0,24694,99.91900866607273,100.0,100.0,0.0,10-20%,12.0,26.0
99.69570729940229,0.05507874001112836,1.0,0.0,0.003042927005977178,27605,27605,27605,0,27605,100.0,100.0,100.0,0.0,20-30%,26.0,34.0
99.81582178565164,0.042876450203107354,1.0,0.0,0.0018417821434835993,22804,22804,22804,0,22804,100.0,100.0,100.0,0.0,30-40%,34.0,39.0
99.92436004618018,0.0274923152523899,1.0,0.0,0.0007563995381981767,25119,25119,25119,0,25119,100.0,100.0,100.0,0.0,40-50%,39.0,44.0
99.94028662420382,0.024429023501500953,1.0,0.0,0.0005971337579617834,25120,25120,25120,0,25120,100.0,100.0,100.0,0.0,50-60%,44.0,49.0
99.98581862015175,0.011908348781180052,1.0,0.0,0.00014181379848259235,28206,28206,28206,0,28206,100.0,100.0,100.0,0.0,60-70%,49.0,56.0
99.98862904142818,0.010663402321298147,1.0,0.0,0.00011370958571807603,26383,26383,26383,0,26383,100.0,100.0,100.0,0.0,70-80%,56.0,67.0
99.99618684461392,0.006174957477215528,1.0,0.0,3.813155386081983e-05,26225,26225,26225,0,26225,100.0,100.0,100.0,0.0,80-90%,67.0,85.0
100.0,0.0,0.0,0.0,0.0,26157,26157,26157,0,26157,100.0,100.0,100.0,0.0,90-100%,85.0,165.0
99.5453654712914,0.06727314495113648,1.0,0.0,0.004546345287086028,25515,25515,25515,0,25515,100.0,100.0,100.0,0.0,0-10%,0.0,10.0
99.41444932403341,0.07630347846092107,1.0,0.0,0.005855506759665892,23226,23226,23226,0,23226,100.0,100.0,100.0,0.0,10-20%,10.0,22.0
99.71884799769312,0.06485769757462913,2.0,0.0,0.0032801066935803625,27730,27743,27743,0,27743,99.95314133294885,100.0,100.0,0.0,20-30%,22.0,31.0
99.85800344234079,0.0376556672275685,1.0,0.0,0.0014199655765920827,23240,23240,23240,0,23240,100.0,100.0,100.0,0.0,30-40%,31.0,36.0
99.91362475589605,0.02937697010857494,1.0,0.0,0.0008637524410395073,26628,26628,26628,0,26628,100.0,100.0,100.0,0.0,40-50%,36.0,41.0
99.94782154969998,0.02283664257137397,1.0,0.0,0.0005217845030002609,26831,26831,26831,0,26831,100.0,100.0,100.0,0.0,50-60%,41.0,46.0
99.97814971813136,0.014780225817103981,1.0,0.0,0.00021850281868636106,22883,22883,22883,0,22883,100.0,100.0,100.0,0.0,60-70%,46.0,51.0
99.98961182866442,0.010191708490010684,1.0,0.0,0.00010388171335572561,28879,28879,28879,0,28879,100.0,100.0,100.0,0.0,70-80%,51.0,61.0
100.0,0.0,0.0,0.0,0.0,25588,25588,25588,0,25588,100.0,100.0,100.0,0.0,80-90%,61.0,78.0
100.0,0.0,0.0,0.0,0.0,26467,26467,26467,0,26467,100.0,100.0,100.0,0.0,90-100%,78.0,164.0
99.4103078193183,0.07657068131045275,1.0,0.0,0.005896921806816842,25437,25437,25437,0,25437,100.0,100.0,100.0,0.0,0-10%,0.0,11.0
99.34430444844433,0.08071603632988249,1.0,0.0,0.006556955515556699,23334,23334,23334,0,23334,100.0,100.0,100.0,0.0,10-20%,11.0,23.0
99.69962453066333,0.06541630980413884,2.0,0.0,0.0034328625067048097,27953,27965,27965,0,27965,99.9570892186662,100.0,100.0,0.0,20-30%,23.0,32.0
99.80525803310614,0.04409024647442655,1.0,0.0,0.0019474196689386564,23621,23621,23621,0,23621,100.0,100.0,100.0,0.0,30-40%,32.0,37.0
99.88509269189521,0.03387849925988998,1.0,0.0,0.0011490730810479546,26108,26108,26108,0,26108,100.0,100.0,100.0,0.0,40-50%,37.0,42.0
99.92770442525018,0.026878115307538804,1.0,0.0,0.0007229557474981926,26281,26281,26281,0,26281,100.0,100.0,100.0,0.0,50-60%,42.0,47.0
99.96183788734544,0.019531397591092646,1.0,0.0,0.00038162112654556554,26204,26204,26204,0,26204,100.0,100.0,100.0,0.0,60-70%,47.0,53.0
99.99211511925881,0.008879335013240444,1.0,0.0,7.88488074117879e-05,25365,25365,25365,0,25365,100.0,100.0,100.0,0.0,70-80%,53.0,63.0
99.9962570647902,0.006117838763935896,1.0,0.0,3.7429352097915186e-05,26717,26717,26717,0,26717,100.0,100.0,100.0,0.0,80-90%,63.0,83.0
100.0,0.0,0.0,0.0,0.0,25968,25968,25968,0,25968,100.0,100.0,100.0,0.0,90-100%,83.0,166.0
99.28876244665719,0.08403445512228694,1.0,0.0,0.007112375533428165,25308,25308,25308,0,25308,100.0,100.0,100.0,0.0,0-10%,0.0,12.0
99.33548436659753,0.09059159463934409,2.0,0.0,0.007182914650072982,26020,26034,26034,0,26034,99.94622416839518,100.0,100.0,0.0,10-20%,12.0,26.0
99.69553038606746,0.0550991268708616,1.0,0.0,0.003044696139325295,24633,24633,24633,0,24633,100.0,100.0,100.0,0.0,20-30%,26.0,33.0
99.8403406067057,0.03992549086431303,1.0,0.0,0.0015965939329430547,22548,22548,22548,0,22548,100.0,100.0,100.0,0.0,30-40%,33.0,38.0
99.86598767086572,0.03658315679252959,1.0,0.0,0.0013401232913428035,29848,29848,29848,0,29848,100.0,100.0,100.0,0.0,40-50%,38.0,44.0
99.93338052213015,0.025802150360294717,1.0,0.0,0.000666194778698422,24017,24017,24017,0,24017,100.0,100.0,100.0,0.0,50-60%,44.0,49.0
99.95755190244655,0.02060000865114234,1.0,0.0,0.00042448097553446015,25914,25914,25914,0,25914,100.0,100.0,100.0,0.0,60-70%,49.0,56.0
99.99627782327106,0.006100850910287085,1.0,0.0,3.722176728951091e-05,26866,26866,26866,0,26866,100.0,100.0,100.0,0.0,70-80%,56.0,69.0
100.0,0.0,0.0,0.0,0.0,25182,25182,25182,0,25182,100.0,100.0,100.0,0.0,80-90%,69.0,88.0
100.0,0.0,0.0,0.0,0.0,26650,26650,26650,0,26650,100.0,100.0,100.0,0.0,90-100%,88.0,177.0
99.24443059666615,0.08660125020058725,1.0,0.0,0.007555694033338526,25676,25676,25676,0,25676,100.0,100.0,100.0,0.0,0-10%,0.0,14.0
99.48860087445347,0.07761409742734103,2.0,0.0,0.0054262960649594,25608,25616,25616,0,25616,99.9687695190506,100.0,100.0,0.0,10-20%,14.0,28.0
99.63619442446804,0.06020648059503882,1.0,0.0,0.003638055755319599,23639,23639,23639,0,23639,100.0,100.0,100.0,0.0,20-30%,28.0,35.0
99.81455908463208,0.04302290460173485,1.0,0.0,0.0018544091536792267,25345,25345,25345,0,25345,100.0,100.0,100.0,0.0,30-40%,35.0,41.0
99.91188133352915,0.0296717066373071,1.0,0.0,0.0008811866647084741,27236,27236,27236,0,27236,100.0,100.0,100.0,0.0,40-50%,41.0,47.0
99.9205598638169,0.028175960831266028,1.0,0.0,0.000794401361830906,26435,26435,26435,0,26435,100.0,100.0,100.0,0.0,50-60%,47.0,54.0
99.98013350286078,0.014094352166550085,1.0,0.0,0.00019866497139224413,25168,25168,25168,0,25168,100.0,100.0,100.0,0.0,60-70%,54.0,66.0
99.9811114049337,0.013742280478895483,1.0,0.0,0.0001888859506629897,26471,26471,26471,0,26471,100.0,100.0,100.0,0.0,70-80%,66.0,85.0
99.99181602422456,0.009046162722854797,1.0,0.0,8.183975775431704e-05,24438,24438,24438,0,24438,100.0,100.0,100.0,0.0,80-90%,85.0,101.0
100.0,0.0,0.0,0.0,0.0,26976,26976,26976,0,26976,100.0,100.0,100.0,0.0,90-100%,101.0,190.0
