audio_file,segment_idx,sox_top_class,tf_top_class,sox_top_prob,tf_top_prob,same_top_prediction,prob_diff_top,max_vector_diff,mean_vector_diff,sox_hc_classes,sox_hc_total_diff,sox_hc_max_diff,sox_hc_avg_diff,tf_hc_classes,tf_hc_total_diff,tf_hc_max_diff,tf_hc_avg_diff
20230522_000000,1,PSFL,PSFL,0.9997970461845398,0.99979168176651,True,5.364418029785156e-06,5.364418029785156e-06,2.1277350015225238e-07,1,5.364418029785156e-06,5.364418029785156e-06,5.364418029785156e-06,1,5.364418029785156e-06,5.364418029785156e-06,5.364418029785156e-06
20230522_000000,10,PSFL,PSFL,0.9842132329940796,0.9843090772628784,True,9.584426879882812e-05,9.59029421210289e-05,3.785776016229647e-06,1,9.584426879882812e-05,9.584426879882812e-05,9.584426879882812e-05,1,9.584426879882812e-05,9.584426879882812e-05,9.584426879882812e-05
20230522_000000,11,PSFL,PSFL,0.9997063279151917,0.9997047781944275,True,1.5497207641601562e-06,1.5497207641601562e-06,6.086340675892643e-08,1,1.5497207641601562e-06,1.5497207641601562e-06,1.5497207641601562e-06,1,1.5497207641601562e-06,1.5497207641601562e-06,1.5497207641601562e-06
20230522_000000,12,CALU,CALU,0.392461895942688,0.3928373157978058,True,0.00037541985511779785,0.0011015832424163818,4.942242958350107e-05,3,0.0017685890197753906,0.0011015832424163818,0.0005895296926610172,3,0.0017685890197753906,0.0011015832424163818,0.0005895296926610172
20230522_000000,13,PSFL,PSFL,0.9911579489707947,0.9910186529159546,True,0.0001392960548400879,0.00013935379683971405,5.463854904519394e-06,1,0.0001392960548400879,0.0001392960548400879,0.0001392960548400879,1,0.0001392960548400879,0.0001392960548400879,0.0001392960548400879
20230522_000000,14,PSFL,PSFL,0.990970253944397,0.9909881949424744,True,1.7940998077392578e-05,1.826370134949684e-05,7.576619509563898e-07,1,1.7940998077392578e-05,1.7940998077392578e-05,1.7940998077392578e-05,1,1.7940998077392578e-05,1.7940998077392578e-05,1.7940998077392578e-05
20230522_000000,15,PSFL,PSFL,0.9526922702789307,0.9523606896400452,True,0.00033158063888549805,0.00033158063888549805,1.3006703738938086e-05,1,0.00033158063888549805,0.00033158063888549805,0.00033158063888549805,1,0.00033158063888549805,0.00033158063888549805,0.00033158063888549805
20230522_000000,16,CALU,CALU,0.8487392663955688,0.8470895290374756,True,0.0016497373580932617,0.0016506463289260864,6.47377164568752e-05,2,0.003300383687019348,0.0016506463289260864,0.001650191843509674,2,0.003300383687019348,0.0016506463289260864,0.001650191843509674
20230522_000000,17,PSFL,PSFL,0.9997718930244446,0.9997748732566833,True,2.9802322387695312e-06,2.9802322387695312e-06,1.1595654569873659e-07,1,2.9802322387695312e-06,2.9802322387695312e-06,2.9802322387695312e-06,1,2.9802322387695312e-06,2.9802322387695312e-06,2.9802322387695312e-06
20230522_000000,18,PSFL,PSFL,0.9997640252113342,0.9997653365135193,True,1.3113021850585938e-06,1.3113021850585938e-06,4.9659018230840957e-08,1,1.3113021850585938e-06,1.3113021850585938e-06,1.3113021850585938e-06,1,1.3113021850585938e-06,1.3113021850585938e-06,1.3113021850585938e-06
20230522_000000,19,BUVI,BUVI,0.7545453310012817,0.7518725395202637,True,0.0026727914810180664,0.0026727914810180664,0.00010482108336873353,1,0.0026727914810180664,0.0026727914810180664,0.0026727914810180664,1,0.0026727914810180664,0.0026727914810180664,0.0026727914810180664
20230522_000000,2,PSFL,PSFL,0.999030590057373,0.9990422129631042,True,1.1622905731201172e-05,1.1622905731201172e-05,4.5437755602506513e-07,1,1.1622905731201172e-05,1.1622905731201172e-05,1.1622905731201172e-05,1,1.1622905731201172e-05,1.1622905731201172e-05,1.1622905731201172e-05
20230522_000000,20,CAGU,CAGU,0.6626375317573547,0.6633747220039368,True,0.0007371902465820312,0.0007371902465820312,2.9114547942299396e-05,2,0.001108318567276001,0.0007371902465820312,0.0005541592836380005,2,0.001108318567276001,0.0007371902465820312,0.0005541592836380005
20230522_000000,21,CALU,CALU,0.9610555768013,0.9613258242607117,True,0.0002702474594116211,0.0002702474594116211,1.1926945262530353e-05,1,0.0002702474594116211,0.0002702474594116211,0.0002702474594116211,1,0.0002702474594116211,0.0002702474594116211,0.0002702474594116211
20230522_000000,22,PSFL,PSFL,0.9904690384864807,0.9905721545219421,True,0.00010311603546142578,0.00010319706052541733,4.046081812703051e-06,1,0.00010311603546142578,0.00010311603546142578,0.00010311603546142578,1,0.00010311603546142578,0.00010311603546142578,0.00010311603546142578
20230522_000000,23,PSFL,PSFL,0.9857450127601624,0.9855602383613586,True,0.00018477439880371094,0.00018477439880371094,7.244540938700084e-06,1,0.00018477439880371094,0.00018477439880371094,0.00018477439880371094,1,0.00018477439880371094,0.00018477439880371094,0.00018477439880371094
20230522_000000,24,PSFL,PSFL,0.705917239189148,0.7041090130805969,True,0.0018082261085510254,0.0018082261085510254,7.094589818734676e-05,2,0.003529578447341919,0.0018082261085510254,0.0017647892236709595,2,0.003529578447341919,0.0018082261085510254,0.0017647892236709595
20230522_000000,25,CALU,CALU,0.7041218280792236,0.7046080231666565,True,0.00048619508743286133,0.000995006412267685,3.948343510273844e-05,2,0.00100649893283844,0.0005203038454055786,0.00050324946641922,2,0.00100649893283844,0.0005203038454055786,0.00050324946641922
20230522_000000,26,PSFL,PSFL,0.9820635318756104,0.9822711944580078,True,0.00020766258239746094,0.00020795315504074097,8.160619472619146e-06,1,0.00020766258239746094,0.00020766258239746094,0.00020766258239746094,1,0.00020766258239746094,0.00020766258239746094,0.00020766258239746094
20230522_000000,27,PSFL,PSFL,0.9978935122489929,0.9979714751243591,True,7.796287536621094e-05,7.801922038197517e-05,3.0585997592424974e-06,1,7.796287536621094e-05,7.796287536621094e-05,7.796287536621094e-05,1,7.796287536621094e-05,7.796287536621094e-05,7.796287536621094e-05
20230522_000000,28,PSFL,PSFL,0.9999940395355225,0.9999940395355225,True,0.0,1.970283847185783e-08,4.782164109151665e-10,1,0.0,0.0,0.0,1,0.0,0.0,0.0
20230522_000000,29,PSFL,PSFL,0.9998940229415894,0.9998934268951416,True,5.960464477539062e-07,5.960464477539062e-07,2.4687594191163953e-08,1,5.960464477539062e-07,5.960464477539062e-07,5.960464477539062e-07,1,5.960464477539062e-07,5.960464477539062e-07,5.960464477539062e-07
20230522_000000,3,PSFL,PSFL,0.9997139573097229,0.9997220635414124,True,8.106231689453125e-06,8.175935363397002e-06,3.194181772414595e-07,1,8.106231689453125e-06,8.106231689453125e-06,8.106231689453125e-06,1,8.106231689453125e-06,8.106231689453125e-06,8.106231689453125e-06
20230522_000000,30,PSFL,PSFL,0.9860645532608032,0.9861776828765869,True,0.0001131296157836914,0.0001131296157836914,4.529354555415921e-06,1,0.0001131296157836914,0.0001131296157836914,0.0001131296157836914,1,0.0001131296157836914,0.0001131296157836914,0.0001131296157836914
20230522_000000,31,PSFL,PSFL,0.9943050742149353,0.9942864775657654,True,1.8596649169921875e-05,1.863855868577957e-05,7.31303714474052e-07,1,1.8596649169921875e-05,1.8596649169921875e-05,1.8596649169921875e-05,1,1.8596649169921875e-05,1.8596649169921875e-05,1.8596649169921875e-05
20230522_000000,32,PSFL,PSFL,0.9990850687026978,0.9991025924682617,True,1.7523765563964844e-05,1.7523765563964844e-05,6.873709708088427e-07,1,1.7523765563964844e-05,1.7523765563964844e-05,1.7523765563964844e-05,1,1.7523765563964844e-05,1.7523765563964844e-05,1.7523765563964844e-05
20230522_000000,33,PSFL,PSFL,0.9996082186698914,0.9996145963668823,True,6.377696990966797e-06,6.410700734704733e-06,2.507757415060041e-07,1,6.377696990966797e-06,6.377696990966797e-06,6.377696990966797e-06,1,6.377696990966797e-06,6.377696990966797e-06,6.377696990966797e-06
20230522_000000,34,PSFL,PSFL,0.9727935791015625,0.9731639623641968,True,0.00037038326263427734,0.00037038326263427734,1.4830090549367014e-05,1,0.00037038326263427734,0.00037038326263427734,0.00037038326263427734,1,0.00037038326263427734,0.00037038326263427734,0.00037038326263427734
20230522_000000,35,PSFL,PSFL,0.9806172847747803,0.9807590842247009,True,0.0001417994499206543,0.0001417994499206543,5.628130111290375e-06,1,0.0001417994499206543,0.0001417994499206543,0.0001417994499206543,1,0.0001417994499206543,0.0001417994499206543,0.0001417994499206543
20230522_000000,36,PSFL,PSFL,0.5666801929473877,0.5693356990814209,True,0.002655506134033203,0.0028333663940429688,0.00011111258208984509,2,0.005488872528076172,0.0028333663940429688,0.002744436264038086,2,0.005488872528076172,0.0028333663940429688,0.002744436264038086
20230522_000000,37,PSFL,PSFL,0.9975841045379639,0.9976139068603516,True,2.9802322387695312e-05,2.98977829515934e-05,1.1722679573722417e-06,1,2.9802322387695312e-05,2.9802322387695312e-05,2.9802322387695312e-05,1,2.9802322387695312e-05,2.9802322387695312e-05,2.9802322387695312e-05
20230522_000000,38,PSFL,PSFL,0.9687092900276184,0.9688264727592468,True,0.00011718273162841797,0.00011821277439594269,4.754464953293791e-06,1,0.00011718273162841797,0.00011718273162841797,0.00011718273162841797,1,0.00011718273162841797,0.00011718273162841797,0.00011718273162841797
20230522_000000,39,PSFL,PSFL,0.9998372793197632,0.9998377561569214,True,4.76837158203125e-07,4.76837158203125e-07,1.929878479245417e-08,1,4.76837158203125e-07,4.76837158203125e-07,4.76837158203125e-07,1,4.76837158203125e-07,4.76837158203125e-07,4.76837158203125e-07
20230522_000000,4,PSFL,PSFL,0.9813489317893982,0.9817142486572266,True,0.00036531686782836914,0.00036531686782836914,1.432734279660508e-05,1,0.00036531686782836914,0.00036531686782836914,0.00036531686782836914,1,0.00036531686782836914,0.00036531686782836914,0.00036531686782836914
20230522_000000,40,PSFL,PSFL,0.8577625155448914,0.8572776317596436,True,0.00048488378524780273,0.00048488378524780273,1.9838445950881578e-05,1,0.00048488378524780273,0.00048488378524780273,0.00048488378524780273,1,0.00048488378524780273,0.00048488378524780273,0.00048488378524780273
20230522_000000,41,PSFL,PSFL,0.9875342845916748,0.9874761700630188,True,5.811452865600586e-05,5.811452865600586e-05,2.275766291859327e-06,1,5.811452865600586e-05,5.811452865600586e-05,5.811452865600586e-05,1,5.811452865600586e-05,5.811452865600586e-05,5.811452865600586e-05
20230522_000000,42,PSFL,PSFL,0.9999028444290161,0.9999020099639893,True,8.344650268554688e-07,8.344650268554688e-07,2.996153369849708e-08,1,8.344650268554688e-07,8.344650268554688e-07,8.344650268554688e-07,1,8.344650268554688e-07,8.344650268554688e-07,8.344650268554688e-07
20230522_000000,43,PSFL,PSFL,0.9982230067253113,0.9982699155807495,True,4.690885543823242e-05,4.692492075264454e-05,1.8401785837340867e-06,1,4.690885543823242e-05,4.690885543823242e-05,4.690885543823242e-05,1,4.690885543823242e-05,4.690885543823242e-05,4.690885543823242e-05
20230522_000000,44,PSFL,PSFL,0.9944747090339661,0.9944882988929749,True,1.3589859008789062e-05,1.3589859008789062e-05,5.332323098627967e-07,1,1.3589859008789062e-05,1.3589859008789062e-05,1.3589859008789062e-05,1,1.3589859008789062e-05,1.3589859008789062e-05,1.3589859008789062e-05
20230522_000000,45,PSFL,PSFL,0.9965330362319946,0.9966302514076233,True,9.721517562866211e-05,9.721517562866211e-05,3.8116561427159468e-06,1,9.721517562866211e-05,9.721517562866211e-05,9.721517562866211e-05,1,9.721517562866211e-05,9.721517562866211e-05,9.721517562866211e-05
20230522_000000,46,PSFL,PSFL,0.9690846800804138,0.9692501425743103,True,0.00016546249389648438,0.00016575492918491364,6.500009931187378e-06,1,0.00016546249389648438,0.00016546249389648438,0.00016546249389648438,1,0.00016546249389648438,0.00016546249389648438,0.00016546249389648438
20230522_000000,47,PSFL,PSFL,0.7341844439506531,0.7343114018440247,True,0.00012695789337158203,0.000631473958492279,3.6957746488042176e-05,1,0.00012695789337158203,0.00012695789337158203,0.00012695789337158203,1,0.00012695789337158203,0.00012695789337158203,0.00012695789337158203
20230522_000000,48,PSFL,PSFL,0.9993935823440552,0.9993902444839478,True,3.337860107421875e-06,3.337860107421875e-06,1.325247467320878e-07,1,3.337860107421875e-06,3.337860107421875e-06,3.337860107421875e-06,1,3.337860107421875e-06,3.337860107421875e-06,3.337860107421875e-06
20230522_000000,49,PSFL,PSFL,0.9100229740142822,0.9116156697273254,True,0.0015926957130432129,0.0015996545553207397,6.318707164609805e-05,1,0.0015926957130432129,0.0015926957130432129,0.0015926957130432129,1,0.0015926957130432129,0.0015926957130432129,0.0015926957130432129
20230522_000000,5,PSFL,PSFL,0.9975972771644592,0.997588038444519,True,9.238719940185547e-06,9.287847205996513e-06,3.718409402608813e-07,1,9.238719940185547e-06,9.238719940185547e-06,9.238719940185547e-06,1,9.238719940185547e-06,9.238719940185547e-06,9.238719940185547e-06
20230522_000000,50,PSFL,PSFL,0.9942722320556641,0.9942809343338013,True,8.702278137207031e-06,2.8507551178336143e-05,1.1231774124098592e-06,1,8.702278137207031e-06,8.702278137207031e-06,8.702278137207031e-06,1,8.702278137207031e-06,8.702278137207031e-06,8.702278137207031e-06
20230522_000000,6,PSFL,PSFL,0.9494935870170593,0.9492315649986267,True,0.0002620220184326172,0.0002620220184326172,1.0274118722009007e-05,1,0.0002620220184326172,0.0002620220184326172,0.0002620220184326172,1,0.0002620220184326172,0.0002620220184326172,0.0002620220184326172
20230522_000000,7,PSFL,PSFL,0.7450599670410156,0.7468554973602295,True,0.0017955303192138672,0.0018052756786346436,7.086781988618895e-05,2,0.0036008059978485107,0.0018052756786346436,0.0018004029989242554,2,0.0036008059978485107,0.0018052756786346436,0.0018004029989242554
20230522_000000,8,PSFL,PSFL,0.9996090531349182,0.9996101260185242,True,1.0728836059570312e-06,1.0728836059570312e-06,4.262124519982535e-08,1,1.0728836059570312e-06,1.0728836059570312e-06,1.0728836059570312e-06,1,1.0728836059570312e-06,1.0728836059570312e-06,1.0728836059570312e-06
20230522_000000,9,PSFL,PSFL,0.9915561676025391,0.9917176961898804,True,0.0001615285873413086,0.0001615285873413086,6.334190402412787e-06,1,0.0001615285873413086,0.0001615285873413086,0.0001615285873413086,1,0.0001615285873413086,0.0001615285873413086,0.0001615285873413086
20230523_200000,1,PSFL,PSFL,0.5501402616500854,0.5495226383209229,True,0.0006176233291625977,0.0006176233291625977,3.263972757849842e-05,2,0.0009905993938446045,0.0006176233291625977,0.0004952996969223022,2,0.0009905993938446045,0.0006176233291625977,0.0004952996969223022
20230523_200000,10,PSFL,PSFL,0.999862551689148,0.9998629093170166,True,3.5762786865234375e-07,3.5762786865234375e-07,1.3038558677180845e-08,1,3.5762786865234375e-07,3.5762786865234375e-07,3.5762786865234375e-07,1,3.5762786865234375e-07,3.5762786865234375e-07,3.5762786865234375e-07
20230523_200000,11,CALU,CALU,0.8664894104003906,0.8660462498664856,True,0.0004431605339050293,0.0005687475204467773,2.5348112103529274e-05,1,0.0004431605339050293,0.0004431605339050293,0.0004431605339050293,1,0.0004431605339050293,0.0004431605339050293,0.0004431605339050293
20230523_200000,12,CALU,CALU,0.9958406090736389,0.995823860168457,True,1.6748905181884766e-05,1.6748905181884766e-05,6.537664489769668e-07,1,1.6748905181884766e-05,1.6748905181884766e-05,1.6748905181884766e-05,1,1.6748905181884766e-05,1.6748905181884766e-05,1.6748905181884766e-05
20230523_200000,13,CALU,CALU,0.7264922261238098,0.7265327572822571,True,4.0531158447265625e-05,4.157423973083496e-05,2.736168426054064e-06,2,8.210539817810059e-05,4.157423973083496e-05,4.105269908905029e-05,2,8.210539817810059e-05,4.157423973083496e-05,4.105269908905029e-05
20230523_200000,14,HOSA,HOSA,0.30267706513404846,0.3025534152984619,True,0.00012364983558654785,0.0006000995635986328,3.707166979438625e-05,2,0.0007237493991851807,0.0006000995635986328,0.00036187469959259033,2,0.0007237493991851807,0.0006000995635986328,0.00036187469959259033
20230523_200000,15,CALU,CALU,0.9255810976028442,0.925251841545105,True,0.0003292560577392578,0.0003292560577392578,1.3851245967089199e-05,1,0.0003292560577392578,0.0003292560577392578,0.0003292560577392578,1,0.0003292560577392578,0.0003292560577392578,0.0003292560577392578
20230523_200000,16,PSFL,PSFL,0.4149646759033203,0.4222630560398102,True,0.007298380136489868,0.009719520807266235,0.0003955383144784719,3,0.019583135843276978,0.009719520807266235,0.006527712102979422,3,0.019583135843276978,0.009719520807266235,0.006527712102979422
20230523_200000,17,SHOT,SHOT,0.2421257048845291,0.2449273020029068,True,0.0028015971183776855,0.003262236714363098,0.00014740839833393693,3,0.006232529878616333,0.003262236714363098,0.002077509881928563,3,0.006232529878616333,0.003262236714363098,0.002077509881928563
20230523_200000,18,PSFL,PSFL,0.8135973215103149,0.8165489435195923,True,0.0029516220092773438,0.0030874311923980713,0.0001212742063216865,2,0.006039053201675415,0.0030874311923980713,0.0030195266008377075,2,0.006039053201675415,0.0030874311923980713,0.0030195266008377075
20230523_200000,19,FLY,FLY,0.34010568261146545,0.340024471282959,True,8.121132850646973e-05,0.0007542818784713745,4.156005888944492e-05,3,0.001455068588256836,0.0007542818784713745,0.00048502287245355546,3,0.001455068588256836,0.0007542818784713745,0.00048502287245355546
20230523_200000,2,CALU,CALU,0.7769650220870972,0.7785422205924988,True,0.0015771985054016113,0.0015799105167388916,6.291014869930223e-05,2,0.003157109022140503,0.0015799105167388916,0.0015785545110702515,2,0.003157109022140503,0.0015799105167388916,0.0015785545110702515
20230523_200000,20,SHOT,SHOT,0.2694889307022095,0.2691446542739868,True,0.00034427642822265625,0.0004273056983947754,2.338371086807456e-05,4,0.0008866935968399048,0.0004273056983947754,0.0002216733992099762,4,0.0008866935968399048,0.0004273056983947754,0.0002216733992099762
20230523_200000,21,COCO,COCO,0.5881265997886658,0.5863335132598877,True,0.0017930865287780762,0.0017930865287780762,7.995080522960052e-05,1,0.0017930865287780762,0.0017930865287780762,0.0017930865287780762,1,0.0017930865287780762,0.0017930865287780762,0.0017930865287780762
20230523_200000,22,HOSA,HOSA,0.4272208511829376,0.4283125400543213,True,0.001091688871383667,0.0015658438205718994,9.057365969056264e-05,2,0.0026575326919555664,0.0015658438205718994,0.0013287663459777832,2,0.0026575326919555664,0.0015658438205718994,0.0013287663459777832
20230523_200000,23,CALU,CALU,0.7483434081077576,0.750740647315979,True,0.0023972392082214355,0.0027800947427749634,0.0001100076042348519,3,0.00557863712310791,0.0027800947427749634,0.0018595457077026367,3,0.00557863712310791,0.0027800947427749634,0.0018595457077026367
20230523_200000,24,CALU,CALU,0.6682277321815491,0.6679649949073792,True,0.0002627372741699219,0.00026422739028930664,1.0663993634807412e-05,2,0.0005269646644592285,0.00026422739028930664,0.00026348233222961426,2,0.0005269646644592285,0.00026422739028930664,0.00026348233222961426
20230523_200000,25,STVA,STVA,0.5625280737876892,0.5642436146736145,True,0.001715540885925293,0.002069219946861267,0.00010176491196034476,2,0.00378476083278656,0.002069219946861267,0.00189238041639328,2,0.00378476083278656,0.002069219946861267,0.00189238041639328
20230523_200000,26,SHOT,SHOT,0.6945722699165344,0.6947810053825378,True,0.00020873546600341797,0.0006234496831893921,2.5482748242211528e-05,2,0.0008321851491928101,0.0006234496831893921,0.00041609257459640503,2,0.0008321851491928101,0.0006234496831893921,0.00041609257459640503
20230523_200000,27,CALU,CALU,0.8817772269248962,0.8811739087104797,True,0.0006033182144165039,0.0006033182144165039,2.3663185857003555e-05,2,0.0012026652693748474,0.0006033182144165039,0.0006013326346874237,2,0.0012026652693748474,0.0006033182144165039,0.0006013326346874237
20230523_200000,28,PSFL,PSFL,0.9967220425605774,0.996753990650177,True,3.1948089599609375e-05,3.1948089599609375e-05,1.25695794395142e-06,1,3.1948089599609375e-05,3.1948089599609375e-05,3.1948089599609375e-05,1,3.1948089599609375e-05,3.1948089599609375e-05,3.1948089599609375e-05
20230523_200000,29,PSFL,PSFL,0.8662833571434021,0.8668293356895447,True,0.0005459785461425781,0.0005459785461425781,2.141457298421301e-05,2,0.0010700374841690063,0.0005459785461425781,0.0005350187420845032,2,0.0010700374841690063,0.0005459785461425781,0.0005350187420845032
20230523_200000,3,MEKE,MEKE,0.32156819105148315,0.3206162750720978,True,0.000951915979385376,0.000951915979385376,5.3152685723034665e-05,4,0.0017893463373184204,0.000951915979385376,0.0004473365843296051,4,0.0017893463373184204,0.000951915979385376,0.0004473365843296051
20230523_200000,30,SHOT,SHOT,0.48077234625816345,0.4808007776737213,True,2.8431415557861328e-05,5.571916699409485e-05,5.151145160198212e-06,2,6.124377250671387e-05,3.281235694885254e-05,3.0621886253356934e-05,2,6.124377250671387e-05,3.281235694885254e-05,3.0621886253356934e-05
20230523_200000,31,CALU,CALU,0.9999140501022339,0.9999141693115234,True,1.1920928955078125e-07,1.875814632512629e-07,7.242438204713153e-09,1,1.1920928955078125e-07,1.1920928955078125e-07,1.1920928955078125e-07,1,1.1920928955078125e-07,1.1920928955078125e-07,1.1920928955078125e-07
20230523_200000,32,BUVI,BUVI,0.5368520617485046,0.5340085625648499,True,0.002843499183654785,0.002843499183654785,0.00011719574831658974,3,0.0049474239349365234,0.002843499183654785,0.0016491413116455078,3,0.0049474239349365234,0.002843499183654785,0.0016491413116455078
20230523_200000,33,COCO,COCO,0.29267632961273193,0.2932423949241638,True,0.0005660653114318848,0.0005660653114318848,4.268164775567129e-05,4,0.0012932494282722473,0.0005660653114318848,0.00032331235706806183,4,0.0012932494282722473,0.0005660653114318848,0.00032331235706806183
20230523_200000,34,MEKE,MEKE,0.20253688097000122,0.2013317048549652,True,0.0012051761150360107,0.0012051761150360107,0.00011084032303187996,5,0.00466715544462204,0.0012051761150360107,0.000933431088924408,5,0.00466715544462204,0.0012051761150360107,0.000933431088924408
20230523_200000,35,BUVI,BUVI,0.4500894546508789,0.44541582465171814,True,0.004673629999160767,0.004673629999160767,0.00018623236974235624,3,0.008550330996513367,0.004673629999160767,0.002850110409781337,3,0.008550330996513367,0.004673629999160767,0.002850110409781337
20230523_200000,36,CALU,CALU,0.3285897970199585,0.3274320065975189,True,0.0011577904224395752,0.0012613683938980103,8.540014096070081e-05,3,0.0025924742221832275,0.0012613683938980103,0.0008641580934636295,3,0.0025924742221832275,0.0012613683938980103,0.0008641580934636295
20230523_200000,37,PSFL,PSFL,0.9731870889663696,0.973861575126648,True,0.0006744861602783203,0.0006744861602783203,2.6458828870090656e-05,1,0.0006744861602783203,0.0006744861602783203,0.0006744861602783203,1,0.0006744861602783203,0.0006744861602783203,0.0006744861602783203
20230523_200000,38,COCO,COCO,0.4536246657371521,0.4538421034812927,True,0.000217437744140625,0.00037310272455215454,5.561763828154653e-05,2,0.0005424916744232178,0.0003250539302825928,0.0002712458372116089,2,0.0005424916744232178,0.0003250539302825928,0.0002712458372116089
20230523_200000,39,CALU,CALU,0.9974850416183472,0.9974744915962219,True,1.055002212524414e-05,1.055002212524414e-05,4.502975912146212e-07,1,1.055002212524414e-05,1.055002212524414e-05,1.055002212524414e-05,1,1.055002212524414e-05,1.055002212524414e-05,1.055002212524414e-05
20230523_200000,4,CALU,CALU,0.44052183628082275,0.4425453543663025,True,0.0020235180854797363,0.0020235180854797363,7.948328857310116e-05,3,0.003537192940711975,0.0020235180854797363,0.001179064274765551,3,0.003537192940711975,0.0020235180854797363,0.001179064274765551
20230523_200000,40,CALU,CALU,0.5010567903518677,0.5009758472442627,True,8.094310760498047e-05,0.0007058680057525635,3.480415034573525e-05,3,0.001443222165107727,0.0007058680057525635,0.00048107406473718584,3,0.001443222165107727,0.0007058680057525635,0.00048107406473718584
20230523_200000,41,CALU,CALU,0.2048206478357315,0.2045518159866333,True,0.00026883184909820557,0.0009180605411529541,4.655634984374046e-05,5,0.0017687156796455383,0.0009180605411529541,0.00035374314757063985,5,0.0017687156796455383,0.0009180605411529541,0.00035374314757063985
20230523_200000,42,BUVI,BUVI,0.8875434398651123,0.8870972394943237,True,0.0004462003707885742,0.0004462003707885742,2.154596586478874e-05,1,0.0004462003707885742,0.0004462003707885742,0.0004462003707885742,1,0.0004462003707885742,0.0004462003707885742,0.0004462003707885742
20230523_200000,43,CALU,CALU,0.9721678495407104,0.9721398949623108,True,2.7954578399658203e-05,6.21359795331955e-05,2.4708579076104797e-06,1,2.7954578399658203e-05,2.7954578399658203e-05,2.7954578399658203e-05,1,2.7954578399658203e-05,2.7954578399658203e-05,2.7954578399658203e-05
20230523_200000,44,PSFL,PSFL,0.825415849685669,0.8259033560752869,True,0.0004875063896179199,0.0004974454641342163,1.9815830455627292e-05,2,0.0009849518537521362,0.0004974454641342163,0.0004924759268760681,2,0.0009849518537521362,0.0004974454641342163,0.0004924759268760681
20230523_200000,45,CALU,CALU,0.679542601108551,0.6802259087562561,True,0.0006833076477050781,0.0006833076477050781,2.9473862014128827e-05,2,0.0009216070175170898,0.0006833076477050781,0.0004608035087585449,2,0.0009216070175170898,0.0006833076477050781,0.0004608035087585449
20230523_200000,46,PSFL,PSFL,0.997093915939331,0.9970805048942566,True,1.341104507446289e-05,1.341104507446289e-05,5.277707373352314e-07,1,1.341104507446289e-05,1.341104507446289e-05,1.341104507446289e-05,1,1.341104507446289e-05,1.341104507446289e-05,1.341104507446289e-05
20230523_200000,47,PSFL,PSFL,0.5156002640724182,0.517116367816925,True,0.001516103744506836,0.002258382737636566,9.175684681395069e-05,3,0.004554443061351776,0.002258382737636566,0.0015181476483121514,3,0.004554443061351776,0.002258382737636566,0.0015181476483121514
20230523_200000,48,PSFL,PSFL,0.3751293420791626,0.37597957253456116,True,0.0008502304553985596,0.0016228854656219482,7.213510252768174e-05,3,0.0029115304350852966,0.0016228854656219482,0.0009705101256258786,3,0.0029115304350852966,0.0016228854656219482,0.0009705101256258786
20230523_200000,49,CALU,CALU,0.43737876415252686,0.43821725249290466,True,0.0008384883403778076,0.002555757761001587,0.00012190923735033721,3,0.005441755056381226,0.002555757761001587,0.0018139183521270752,3,0.005441755056381226,0.002555757761001587,0.0018139183521270752
20230523_200000,5,COCO,COCO,0.7262807488441467,0.7266693115234375,True,0.0003885626792907715,0.0003885626792907715,2.045227483904455e-05,2,0.0006991326808929443,0.0003885626792907715,0.00034956634044647217,2,0.0006991326808929443,0.0003885626792907715,0.00034956634044647217
20230523_200000,50,CALU,CALU,0.5984699726104736,0.5981213450431824,True,0.00034862756729125977,0.000352323055267334,1.637092100281734e-05,2,0.0007009506225585938,0.000352323055267334,0.0003504753112792969,2,0.0007009506225585938,0.000352323055267334,0.0003504753112792969
20230523_200000,6,CALU,CALU,0.6148940324783325,0.6143583655357361,True,0.0005356669425964355,0.0005356669425964355,2.3063963453751057e-05,2,0.0005361884832382202,0.0005356669425964355,0.0002680942416191101,2,0.0005361884832382202,0.0005356669425964355,0.0002680942416191101
20230523_200000,7,PSFL,PSFL,0.9974272847175598,0.9974129796028137,True,1.430511474609375e-05,1.430511474609375e-05,5.612400286736374e-07,1,1.430511474609375e-05,1.430511474609375e-05,1.430511474609375e-05,1,1.430511474609375e-05,1.430511474609375e-05,1.430511474609375e-05
20230523_200000,8,BUVI,BUVI,0.5169816017150879,0.5162490010261536,True,0.0007326006889343262,0.00087738037109375,4.79580630781129e-05,3,0.0018573850393295288,0.00087738037109375,0.0006191283464431763,3,0.0018573850393295288,0.00087738037109375,0.0006191283464431763
20230523_200000,9,CALU,CALU,0.9452188014984131,0.9456420540809631,True,0.00042325258255004883,0.00042325258255004883,1.659818008192815e-05,1,0.00042325258255004883,0.00042325258255004883,0.00042325258255004883,1,0.00042325258255004883,0.00042325258255004883,0.00042325258255004883
20230526_200000,1,PSFL,PSFL,0.9989956021308899,0.9990072846412659,True,1.1682510375976562e-05,1.1682510375976562e-05,4.5894884692643245e-07,1,1.1682510375976562e-05,1.1682510375976562e-05,1.1682510375976562e-05,1,1.1682510375976562e-05,1.1682510375976562e-05,1.1682510375976562e-05
20230526_200000,10,PSFL,PSFL,0.99672532081604,0.9967171549797058,True,8.165836334228516e-06,8.165836334228516e-06,3.183488672675594e-07,1,8.165836334228516e-06,8.165836334228516e-06,8.165836334228516e-06,1,8.165836334228516e-06,8.165836334228516e-06,8.165836334228516e-06
20230526_200000,11,PSFL,PSFL,0.9990139007568359,0.9990001320838928,True,1.3768672943115234e-05,1.3768672943115234e-05,5.418322075456672e-07,1,1.3768672943115234e-05,1.3768672943115234e-05,1.3768672943115234e-05,1,1.3768672943115234e-05,1.3768672943115234e-05,1.3768672943115234e-05
20230526_200000,12,PSFL,PSFL,0.996736466884613,0.996711015701294,True,2.5451183319091797e-05,2.5451183319091797e-05,9.995818572861026e-07,1,2.5451183319091797e-05,2.5451183319091797e-05,2.5451183319091797e-05,1,2.5451183319091797e-05,2.5451183319091797e-05,2.5451183319091797e-05
20230526_200000,13,PSFL,PSFL,0.9986617565155029,0.9986627101898193,True,9.5367431640625e-07,1.6191042959690094e-06,6.62011387930761e-08,1,9.5367431640625e-07,9.5367431640625e-07,9.5367431640625e-07,1,9.5367431640625e-07,9.5367431640625e-07,9.5367431640625e-07
20230526_200000,14,PSFL,PSFL,0.9991446733474731,0.9991594552993774,True,1.4781951904296875e-05,1.4781951904296875e-05,5.78259516714752e-07,1,1.4781951904296875e-05,1.4781951904296875e-05,1.4781951904296875e-05,1,1.4781951904296875e-05,1.4781951904296875e-05,1.4781951904296875e-05
20230526_200000,15,PSFL,PSFL,0.9835018515586853,0.9835942387580872,True,9.238719940185547e-05,9.238719940185547e-05,3.622534677560907e-06,1,9.238719940185547e-05,9.238719940185547e-05,9.238719940185547e-05,1,9.238719940185547e-05,9.238719940185547e-05,9.238719940185547e-05
20230526_200000,16,PSFL,PSFL,0.9999220371246338,0.9999212026596069,True,8.344650268554688e-07,8.344650268554688e-07,3.2167395858095915e-08,1,8.344650268554688e-07,8.344650268554688e-07,8.344650268554688e-07,1,8.344650268554688e-07,8.344650268554688e-07,8.344650268554688e-07
20230526_200000,17,INSP,INSP,0.2431657612323761,0.24346858263015747,True,0.00030282139778137207,0.0011057406663894653,8.000362868187949e-05,4,0.0027239173650741577,0.0011057406663894653,0.0006809793412685394,4,0.0027239173650741577,0.0011057406663894653,0.0006809793412685394
20230526_200000,18,PSFL,PSFL,0.9613598585128784,0.9610081911087036,True,0.0003516674041748047,0.0003516674041748047,1.3831882824888453e-05,1,0.0003516674041748047,0.0003516674041748047,0.0003516674041748047,1,0.0003516674041748047,0.0003516674041748047,0.0003516674041748047
20230526_200000,19,PSFL,PSFL,0.9998986721038818,0.9998984336853027,True,2.384185791015625e-07,2.4352630134671926e-07,9.45052303080729e-09,1,2.384185791015625e-07,2.384185791015625e-07,2.384185791015625e-07,1,2.384185791015625e-07,2.384185791015625e-07,2.384185791015625e-07
20230526_200000,2,PSFL,PSFL,0.9996501207351685,0.9996466636657715,True,3.4570693969726562e-06,3.4574768505990505e-06,1.3570291912401444e-07,1,3.4570693969726562e-06,3.4570693969726562e-06,3.4570693969726562e-06,1,3.4570693969726562e-06,3.4570693969726562e-06,3.4570693969726562e-06
20230526_200000,20,PSFL,PSFL,0.9999673366546631,0.9999675750732422,True,2.384185791015625e-07,2.909218892455101e-07,1.0472568590103037e-08,1,2.384185791015625e-07,2.384185791015625e-07,2.384185791015625e-07,1,2.384185791015625e-07,2.384185791015625e-07,2.384185791015625e-07
20230526_200000,21,PSFL,PSFL,0.9944278001785278,0.9944325089454651,True,4.708766937255859e-06,4.708766937255859e-06,1.908797315763877e-07,1,4.708766937255859e-06,4.708766937255859e-06,4.708766937255859e-06,1,4.708766937255859e-06,4.708766937255859e-06,4.708766937255859e-06
20230526_200000,22,PSFL,PSFL,0.9999246597290039,0.999924898147583,True,2.384185791015625e-07,2.384185791015625e-07,8.325005573794897e-09,1,2.384185791015625e-07,2.384185791015625e-07,2.384185791015625e-07,1,2.384185791015625e-07,2.384185791015625e-07,2.384185791015625e-07
20230526_200000,23,CALU,CALU,0.9729102253913879,0.9729443192481995,True,3.409385681152344e-05,6.276369094848633e-05,2.545856659708079e-06,1,3.409385681152344e-05,3.409385681152344e-05,3.409385681152344e-05,1,3.409385681152344e-05,3.409385681152344e-05,3.409385681152344e-05
20230526_200000,24,PSFL,PSFL,0.9993675351142883,0.9993647933006287,True,2.7418136596679688e-06,2.7418136596679688e-06,1.0676988893010275e-07,1,2.7418136596679688e-06,2.7418136596679688e-06,2.7418136596679688e-06,1,2.7418136596679688e-06,2.7418136596679688e-06,2.7418136596679688e-06
20230526_200000,25,PSFL,PSFL,0.9994658827781677,0.9994680285453796,True,2.1457672119140625e-06,2.1457672119140625e-06,8.301070408833766e-08,1,2.1457672119140625e-06,2.1457672119140625e-06,2.1457672119140625e-06,1,2.1457672119140625e-06,2.1457672119140625e-06,2.1457672119140625e-06
20230526_200000,26,PSFL,PSFL,0.9940250515937805,0.9941508173942566,True,0.00012576580047607422,0.0001258072443306446,4.933371656079544e-06,1,0.00012576580047607422,0.00012576580047607422,0.00012576580047607422,1,0.00012576580047607422,0.00012576580047607422,0.00012576580047607422
20230526_200000,27,PSFL,PSFL,0.8434199690818787,0.842894971370697,True,0.0005249977111816406,0.0005249977111816406,2.0601097276085056e-05,2,0.0010041892528533936,0.0005249977111816406,0.0005020946264266968,2,0.0010041892528533936,0.0005249977111816406,0.0005020946264266968
20230526_200000,28,PSFL,PSFL,0.9986674785614014,0.9986608028411865,True,6.67572021484375e-06,6.723450496792793e-06,2.6657690455067495e-07,1,6.67572021484375e-06,6.67572021484375e-06,6.67572021484375e-06,1,6.67572021484375e-06,6.67572021484375e-06,6.67572021484375e-06
20230526_200000,29,PSFL,PSFL,0.9989925026893616,0.9989956021308899,True,3.0994415283203125e-06,3.1529925763607025e-06,1.225989194608701e-07,1,3.0994415283203125e-06,3.0994415283203125e-06,3.0994415283203125e-06,1,3.0994415283203125e-06,3.0994415283203125e-06,3.0994415283203125e-06
20230526_200000,3,PSFL,PSFL,0.6390731334686279,0.6364363431930542,True,0.0026367902755737305,0.0026367902755737305,0.00010340438166167587,2,0.005272984504699707,0.0026367902755737305,0.0026364922523498535,2,0.005272984504699707,0.0026367902755737305,0.0026364922523498535
20230526_200000,30,PSFL,PSFL,0.9960435628890991,0.9960566759109497,True,1.3113021850585938e-05,1.3113021850585938e-05,5.133925355949032e-07,1,1.3113021850585938e-05,1.3113021850585938e-05,1.3113021850585938e-05,1,1.3113021850585938e-05,1.3113021850585938e-05,1.3113021850585938e-05
20230526_200000,31,PSFL,PSFL,0.9995819926261902,0.9995879530906677,True,5.9604644775390625e-06,6.020651198923588e-06,2.3500376755691832e-07,1,5.9604644775390625e-06,5.9604644775390625e-06,5.9604644775390625e-06,1,5.9604644775390625e-06,5.9604644775390625e-06,5.9604644775390625e-06
20230526_200000,32,PSFL,PSFL,0.9997538924217224,0.9997530579566956,True,8.344650268554688e-07,8.344650268554688e-07,3.245584068167773e-08,1,8.344650268554688e-07,8.344650268554688e-07,8.344650268554688e-07,1,8.344650268554688e-07,8.344650268554688e-07,8.344650268554688e-07
20230526_200000,33,PSFL,PSFL,0.9668641090393066,0.9670515060424805,True,0.00018739700317382812,0.00018739700317382812,7.431323410855839e-06,1,0.00018739700317382812,0.00018739700317382812,0.00018739700317382812,1,0.00018739700317382812,0.00018739700317382812,0.00018739700317382812
20230526_200000,34,PSFL,PSFL,0.998838484287262,0.9988365769386292,True,1.9073486328125e-06,1.9905855879187584e-06,7.75656658902335e-08,1,1.9073486328125e-06,1.9073486328125e-06,1.9073486328125e-06,1,1.9073486328125e-06,1.9073486328125e-06,1.9073486328125e-06
20230526_200000,35,BUVI,BUVI,0.6213362216949463,0.6214743256568909,True,0.00013810396194458008,0.00013810396194458008,5.416216026787879e-06,2,0.0002180933952331543,0.00013810396194458008,0.00010904669761657715,2,0.0002180933952331543,0.00013810396194458008,0.00010904669761657715
20230526_200000,36,PSFL,PSFL,0.9993470311164856,0.9993554949760437,True,8.463859558105469e-06,8.463859558105469e-06,3.3107903618656565e-07,1,8.463859558105469e-06,8.463859558105469e-06,8.463859558105469e-06,1,8.463859558105469e-06,8.463859558105469e-06,8.463859558105469e-06
20230526_200000,37,BUVI,BUVI,0.8387489318847656,0.8368820548057556,True,0.0018668770790100098,0.0018668770790100098,7.338746945606545e-05,2,0.0037249475717544556,0.0018668770790100098,0.0018624737858772278,2,0.0037249475717544556,0.0018668770790100098,0.0018624737858772278
20230526_200000,38,PSFL,PSFL,0.8727167248725891,0.8718786835670471,True,0.0008380413055419922,0.0008380413055419922,3.2870742870727554e-05,1,0.0008380413055419922,0.0008380413055419922,0.0008380413055419922,1,0.0008380413055419922,0.0008380413055419922,0.0008380413055419922
20230526_200000,39,PSFL,PSFL,0.9992173910140991,0.9992157220840454,True,1.6689300537109375e-06,1.7012935131788254e-06,6.608789249185065e-08,1,1.6689300537109375e-06,1.6689300537109375e-06,1.6689300537109375e-06,1,1.6689300537109375e-06,1.6689300537109375e-06,1.6689300537109375e-06
20230526_200000,4,PSFL,PSFL,0.998525083065033,0.9985129237174988,True,1.2159347534179688e-05,1.2159347534179688e-05,4.779368509844062e-07,1,1.2159347534179688e-05,1.2159347534179688e-05,1.2159347534179688e-05,1,1.2159347534179688e-05,1.2159347534179688e-05,1.2159347534179688e-05
20230526_200000,40,CALU,CALU,0.9999514818191528,0.9999513626098633,True,1.1920928955078125e-07,1.1920928955078125e-07,3.2602993638164435e-09,1,1.1920928955078125e-07,1.1920928955078125e-07,1.1920928955078125e-07,1,1.1920928955078125e-07,1.1920928955078125e-07,1.1920928955078125e-07
20230526_200000,41,PSFL,PSFL,0.9995966553688049,0.9995918869972229,True,4.76837158203125e-06,4.790141247212887e-06,1.874735886531198e-07,1,4.76837158203125e-06,4.76837158203125e-06,4.76837158203125e-06,1,4.76837158203125e-06,4.76837158203125e-06,4.76837158203125e-06
20230526_200000,42,BUVI,BUVI,0.9430602788925171,0.9432776570320129,True,0.0002173781394958496,0.0002173781394958496,8.526100828021299e-06,1,0.0002173781394958496,0.0002173781394958496,0.0002173781394958496,1,0.0002173781394958496,0.0002173781394958496,0.0002173781394958496
20230526_200000,43,PSFL,PSFL,0.9810675382614136,0.9809637069702148,True,0.00010383129119873047,0.00010383129119873047,4.096765223948751e-06,1,0.00010383129119873047,0.00010383129119873047,0.00010383129119873047,1,0.00010383129119873047,0.00010383129119873047,0.00010383129119873047
20230526_200000,44,PSFL,PSFL,0.9966338276863098,0.9965971112251282,True,3.6716461181640625e-05,3.6716461181640625e-05,1.447282897970581e-06,1,3.6716461181640625e-05,3.6716461181640625e-05,3.6716461181640625e-05,1,3.6716461181640625e-05,3.6716461181640625e-05,3.6716461181640625e-05
20230526_200000,45,PSFL,PSFL,0.9988149404525757,0.9988176226615906,True,2.682209014892578e-06,2.750311978161335e-06,1.0664885508049338e-07,1,2.682209014892578e-06,2.682209014892578e-06,2.682209014892578e-06,1,2.682209014892578e-06,2.682209014892578e-06,2.682209014892578e-06
20230526_200000,46,COCO,COCO,0.5577249526977539,0.5568546056747437,True,0.0008703470230102539,0.0008703470230102539,3.5056542401434854e-05,2,0.001216880977153778,0.0008703470230102539,0.000608440488576889,2,0.001216880977153778,0.0008703470230102539,0.000608440488576889
20230526_200000,47,PSFL,PSFL,0.9865571856498718,0.9865648746490479,True,7.68899917602539e-06,8.27200710773468e-06,3.2638709512866626e-07,1,7.68899917602539e-06,7.68899917602539e-06,7.68899917602539e-06,1,7.68899917602539e-06,7.68899917602539e-06,7.68899917602539e-06
20230526_200000,48,PSFL,PSFL,0.9999707937240601,0.9999704360961914,True,3.5762786865234375e-07,3.5762786865234375e-07,1.3787595065650748e-08,1,3.5762786865234375e-07,3.5762786865234375e-07,3.5762786865234375e-07,1,3.5762786865234375e-07,3.5762786865234375e-07,3.5762786865234375e-07
20230526_200000,49,PSFL,PSFL,0.9991573095321655,0.9991490840911865,True,8.225440979003906e-06,8.225440979003906e-06,3.2090588319988456e-07,1,8.225440979003906e-06,8.225440979003906e-06,8.225440979003906e-06,1,8.225440979003906e-06,8.225440979003906e-06,8.225440979003906e-06
20230526_200000,5,PSFL,PSFL,0.9997736811637878,0.9997742772102356,True,5.960464477539062e-07,6.452173693105578e-07,2.4777248697205323e-08,1,5.960464477539062e-07,5.960464477539062e-07,5.960464477539062e-07,1,5.960464477539062e-07,5.960464477539062e-07,5.960464477539062e-07
20230526_200000,50,PSFL,PSFL,0.9999872446060181,0.9999873638153076,True,1.1920928955078125e-07,1.1920928955078125e-07,3.866606590463562e-09,1,1.1920928955078125e-07,1.1920928955078125e-07,1.1920928955078125e-07,1,1.1920928955078125e-07,1.1920928955078125e-07,1.1920928955078125e-07
20230526_200000,6,PSFL,PSFL,0.9976853132247925,0.9976822137832642,True,3.0994415283203125e-06,3.0994415283203125e-06,1.7375785432705015e-07,1,3.0994415283203125e-06,3.0994415283203125e-06,3.0994415283203125e-06,1,3.0994415283203125e-06,3.0994415283203125e-06,3.0994415283203125e-06
20230526_200000,7,PSFL,PSFL,0.9477070569992065,0.9488868713378906,True,0.001179814338684082,0.001179814338684082,4.62646821688395e-05,1,0.001179814338684082,0.001179814338684082,0.001179814338684082,1,0.001179814338684082,0.001179814338684082,0.001179814338684082
20230526_200000,8,PSFL,PSFL,0.9990301132202148,0.9990322589874268,True,2.1457672119140625e-06,2.1457672119140625e-06,8.470680512573381e-08,1,2.1457672119140625e-06,2.1457672119140625e-06,2.1457672119140625e-06,1,2.1457672119140625e-06,2.1457672119140625e-06,2.1457672119140625e-06
20230526_200000,9,PSFL,PSFL,0.9973304271697998,0.9973307847976685,True,3.5762786865234375e-07,3.5762786865234375e-07,1.3291234779444494e-08,1,3.5762786865234375e-07,3.5762786865234375e-07,3.5762786865234375e-07,1,3.5762786865234375e-07,3.5762786865234375e-07,3.5762786865234375e-07
